model,module,metric,from_step,to_step,abs_delta,rel_delta,abs_rel_delta
EleutherAI/pythia-70m-deduped,attention.dense,stable_rank,0,128,-0.8910643179186195,-0.006881930783198839,0.006881930783198839
EleutherAI/pythia-70m-deduped,attention.dense,stable_rank,128,512,-25.034543679204504,-0.19468838531722593,0.19468838531722593
EleutherAI/pythia-70m-deduped,attention.dense,stable_rank,512,1000,-30.32850086607931,-0.2928784008108068,0.2928784008108068
EleutherAI/pythia-70m-deduped,attention.dense,stable_rank,1000,2000,-21.544073133913983,-0.29421859172470016,0.29421859172470016
EleutherAI/pythia-70m-deduped,attention.dense,stable_rank,2000,3000,3.97504454212541,0.07691553819507171,0.07691553819507171
EleutherAI/pythia-70m-deduped,attention.dense,stable_rank,3000,8000,3.9653036420575276,0.07124705040816375,0.07124705040816375
EleutherAI/pythia-70m-deduped,attention.dense,stable_rank,8000,16000,-1.1972351917379171,-0.020080766006876263,0.020080766006876263
EleutherAI/pythia-70m-deduped,attention.dense,stable_rank,16000,64000,-7.925103781557283,-0.13564865046439878,0.13564865046439878
EleutherAI/pythia-70m-deduped,attention.dense,stable_rank,64000,143000,-5.644012768085645,-0.11176560991371368,0.11176560991371368
EleutherAI/pythia-70m-deduped,attention.query_key_value,stable_rank,0,128,-24.186937437698163,-0.11662592052237752,0.11662592052237752
EleutherAI/pythia-70m-deduped,attention.query_key_value,stable_rank,128,512,-129.45620212500862,-0.7066305565327774,0.7066305565327774
EleutherAI/pythia-70m-deduped,attention.query_key_value,stable_rank,512,1000,-22.885439339665105,-0.4258081099666773,0.4258081099666773
EleutherAI/pythia-70m-deduped,attention.query_key_value,stable_rank,1000,2000,-14.586851312103988,-0.47267123825036855,0.47267123825036855
EleutherAI/pythia-70m-deduped,attention.query_key_value,stable_rank,2000,3000,-0.5154343334519442,-0.031673022179012404,0.031673022179012404
EleutherAI/pythia-70m-deduped,attention.query_key_value,stable_rank,3000,8000,5.954486288323617,0.3778665330986903,0.3778665330986903
EleutherAI/pythia-70m-deduped,attention.query_key_value,stable_rank,8000,16000,9.338868284959265,0.43011167171279074,0.43011167171279074
EleutherAI/pythia-70m-deduped,attention.query_key_value,stable_rank,16000,64000,-1.4607059309869328,-0.04704135461546014,0.04704135461546014
EleutherAI/pythia-70m-deduped,attention.query_key_value,stable_rank,64000,143000,2.665703575691584,0.09008548619347473,0.09008548619347473
EleutherAI/pythia-70m-deduped,mlp.dense_4h_to_h,stable_rank,0,128,-10.846735191928673,-0.047214921846935674,0.047214921846935674
EleutherAI/pythia-70m-deduped,mlp.dense_4h_to_h,stable_rank,128,512,-25.478798156597378,-0.11640301491733192,0.11640301491733192
EleutherAI/pythia-70m-deduped,mlp.dense_4h_to_h,stable_rank,512,1000,-64.60617067061906,-0.33404506926750704,0.33404506926750704
EleutherAI/pythia-70m-deduped,mlp.dense_4h_to_h,stable_rank,1000,2000,-38.238520808459796,-0.2968843539422872,0.2968843539422872
EleutherAI/pythia-70m-deduped,mlp.dense_4h_to_h,stable_rank,2000,3000,-10.363719682061799,-0.11443928138798128,0.11443928138798128
EleutherAI/pythia-70m-deduped,mlp.dense_4h_to_h,stable_rank,3000,8000,-27.083936008015108,-0.3377169818330196,0.3377169818330196
EleutherAI/pythia-70m-deduped,mlp.dense_4h_to_h,stable_rank,8000,16000,-3.18596083434673,-0.059984346759997816,0.059984346759997816
EleutherAI/pythia-70m-deduped,mlp.dense_4h_to_h,stable_rank,16000,64000,-1.9268733574724806,-0.0385936263044009,0.0385936263044009
EleutherAI/pythia-70m-deduped,mlp.dense_4h_to_h,stable_rank,64000,143000,-11.134879095310431,-0.23197486156710784,0.23197486156710784
EleutherAI/pythia-70m-deduped,mlp.dense_h_to_4h,stable_rank,0,128,-1.62216579551648,-0.00707080864343382,0.00707080864343382
EleutherAI/pythia-70m-deduped,mlp.dense_h_to_4h,stable_rank,128,512,-16.50524767164211,-0.07245654328847506,0.07245654328847506
EleutherAI/pythia-70m-deduped,mlp.dense_h_to_4h,stable_rank,512,1000,-105.98164668817651,-0.5015935723046248,0.5015935723046248
EleutherAI/pythia-70m-deduped,mlp.dense_h_to_4h,stable_rank,1000,2000,-69.53532128152398,-0.6603027873055038,0.6603027873055038
EleutherAI/pythia-70m-deduped,mlp.dense_h_to_4h,stable_rank,2000,3000,-6.292247488246904,-0.17589418319506459,0.17589418319506459
EleutherAI/pythia-70m-deduped,mlp.dense_h_to_4h,stable_rank,3000,8000,-2.7352908745180216,-0.09278253168328865,0.09278253168328865
EleutherAI/pythia-70m-deduped,mlp.dense_h_to_4h,stable_rank,8000,16000,3.3224564687683262,0.12422545542220273,0.12422545542220273
EleutherAI/pythia-70m-deduped,mlp.dense_h_to_4h,stable_rank,16000,64000,13.501842094905896,0.44904607848170847,0.44904607848170847
EleutherAI/pythia-70m-deduped,mlp.dense_h_to_4h,stable_rank,64000,143000,-5.535539698948874,-0.12705028900682247,0.12705028900682247
EleutherAI/pythia-70m-deduped,attention.dense,effective_rank,0,128,-0.11826751133105518,-0.00028719706725273533,0.00028719706725273533
EleutherAI/pythia-70m-deduped,attention.dense,effective_rank,128,512,-1.7484768080520325,-0.004247165306393474,0.004247165306393474
EleutherAI/pythia-70m-deduped,attention.dense,effective_rank,512,1000,-12.053268440582258,-0.029403062433371423,0.029403062433371423
EleutherAI/pythia-70m-deduped,attention.dense,effective_rank,1000,2000,-19.239117955912434,-0.04835417498479974,0.04835417498479974
EleutherAI/pythia-70m-deduped,attention.dense,effective_rank,2000,3000,-0.9042606357787122,-0.0023881802331995852,0.0023881802331995852
EleutherAI/pythia-70m-deduped,attention.dense,effective_rank,3000,8000,3.3796012074856776,0.008946998084921878,0.008946998084921878
EleutherAI/pythia-70m-deduped,attention.dense,effective_rank,8000,16000,-1.385302273514526,-0.003634863297354164,0.003634863297354164
EleutherAI/pythia-70m-deduped,attention.dense,effective_rank,16000,64000,-9.865075532455933,-0.025979179288498314,0.025979179288498314
EleutherAI/pythia-70m-deduped,attention.dense,effective_rank,64000,143000,-7.112146321117734,-0.01922903344494849,0.01922903344494849
EleutherAI/pythia-70m-deduped,attention.query_key_value,effective_rank,0,128,-0.15186613266291715,-0.0003110981820202485,0.0003110981820202485
EleutherAI/pythia-70m-deduped,attention.query_key_value,effective_rank,128,512,-2.9647752601034654,-0.006075240106173405,0.006075240106173405
EleutherAI/pythia-70m-deduped,attention.query_key_value,effective_rank,512,1000,-6.29050986945947,-0.012968925856258876,0.012968925856258876
EleutherAI/pythia-70m-deduped,attention.query_key_value,effective_rank,1000,2000,-11.760296751781482,-0.02456436909851589,0.02456436909851589
EleutherAI/pythia-70m-deduped,attention.query_key_value,effective_rank,2000,3000,-5.424865739088716,-0.011616564615550657,0.011616564615550657
EleutherAI/pythia-70m-deduped,attention.query_key_value,effective_rank,3000,8000,-2.932961539373821,-0.006354327989679827,0.006354327989679827
EleutherAI/pythia-70m-deduped,attention.query_key_value,effective_rank,8000,16000,0.33013345913678904,0.0007198156043002613,0.0007198156043002613
EleutherAI/pythia-70m-deduped,attention.query_key_value,effective_rank,16000,64000,-70.35608262099151,-0.15329248531060038,0.15329248531060038
EleutherAI/pythia-70m-deduped,attention.query_key_value,effective_rank,64000,143000,-23.679197363677417,-0.0609330305050908,0.0609330305050908
EleutherAI/pythia-70m-deduped,mlp.dense_4h_to_h,effective_rank,0,128,-0.1600946892937145,-0.0003236786927432646,0.0003236786927432646
EleutherAI/pythia-70m-deduped,mlp.dense_4h_to_h,effective_rank,128,512,-0.4889430273061066,-0.0009888627956434874,0.0009888627956434874
EleutherAI/pythia-70m-deduped,mlp.dense_4h_to_h,effective_rank,512,1000,-2.354395864008268,-0.004766361048144993,0.004766361048144993
EleutherAI/pythia-70m-deduped,mlp.dense_4h_to_h,effective_rank,1000,2000,-7.246973146418554,-0.014741411036266215,0.014741411036266215
EleutherAI/pythia-70m-deduped,mlp.dense_4h_to_h,effective_rank,2000,3000,-1.6854779418059707,-0.003479807721724648,0.003479807721724648
EleutherAI/pythia-70m-deduped,mlp.dense_4h_to_h,effective_rank,3000,8000,-2.2809500383634713,-0.004725653164732831,0.004725653164732831
EleutherAI/pythia-70m-deduped,mlp.dense_4h_to_h,effective_rank,8000,16000,-1.3112272383937125,-0.0027294882130607504,0.0027294882130607504
EleutherAI/pythia-70m-deduped,mlp.dense_4h_to_h,effective_rank,16000,64000,-2.886990485824981,-0.006026090309400183,0.006026090309400183
EleutherAI/pythia-70m-deduped,mlp.dense_4h_to_h,effective_rank,64000,143000,-7.50865182325083,-0.015768023727729754,0.015768023727729754
EleutherAI/pythia-70m-deduped,mlp.dense_h_to_4h,effective_rank,0,128,-0.02336863060321548,-4.723854426695316e-05,4.723854426695316e-05
EleutherAI/pythia-70m-deduped,mlp.dense_h_to_4h,effective_rank,128,512,-0.182759227980398,-0.00036945629680148963,0.00036945629680148963
EleutherAI/pythia-70m-deduped,mlp.dense_h_to_4h,effective_rank,512,1000,-1.124001856195889,-0.0022730619331142615,0.0022730619331142615
EleutherAI/pythia-70m-deduped,mlp.dense_h_to_4h,effective_rank,1000,2000,-6.879039579665516,-0.013943132377963902,0.013943132377963902
EleutherAI/pythia-70m-deduped,mlp.dense_h_to_4h,effective_rank,2000,3000,-5.228481870139774,-0.010747468642006378,0.010747468642006378
EleutherAI/pythia-70m-deduped,mlp.dense_h_to_4h,effective_rank,3000,8000,-7.8003327690177,-0.01620826544005747,0.01620826544005747
EleutherAI/pythia-70m-deduped,mlp.dense_h_to_4h,effective_rank,8000,16000,-2.4400965235213334,-0.005153796267991142,0.005153796267991142
EleutherAI/pythia-70m-deduped,mlp.dense_h_to_4h,effective_rank,16000,64000,0.2799795239453715,0.0005944161003765594,0.0005944161003765594
EleutherAI/pythia-70m-deduped,mlp.dense_h_to_4h,effective_rank,64000,143000,-1.7255811886005858,-0.0036613531171899956,0.0036613531171899956
EleutherAI/pythia-70m-deduped,attention.dense,subspace_stability_topk,0,128,,,
EleutherAI/pythia-70m-deduped,attention.dense,subspace_stability_topk,128,512,-0.40760096410910285,-0.43809201422938526,0.43809201422938526
EleutherAI/pythia-70m-deduped,attention.dense,subspace_stability_topk,512,1000,-0.032624284426371275,-0.06240306550029924,0.06240306550029924
EleutherAI/pythia-70m-deduped,attention.dense,subspace_stability_topk,1000,2000,0.1428302476803462,0.291386173558841,0.291386173558841
EleutherAI/pythia-70m-deduped,attention.dense,subspace_stability_topk,2000,3000,0.2093293170134226,0.3306912283430513,0.3306912283430513
EleutherAI/pythia-70m-deduped,attention.dense,subspace_stability_topk,3000,8000,-0.14233139157295227,-0.16897249633271613,0.16897249633271613
EleutherAI/pythia-70m-deduped,attention.dense,subspace_stability_topk,8000,16000,0.12594119707743334,0.1799151537526816,0.1799151537526816
EleutherAI/pythia-70m-deduped,attention.dense,subspace_stability_topk,16000,64000,-0.25599048038323724,-0.30993667085858223,0.30993667085858223
EleutherAI/pythia-70m-deduped,attention.dense,subspace_stability_topk,64000,143000,0.06502763430277503,0.11409277784794981,0.11409277784794981
EleutherAI/pythia-70m-deduped,attention.query_key_value,subspace_stability_topk,0,128,,,
EleutherAI/pythia-70m-deduped,attention.query_key_value,subspace_stability_topk,128,512,-0.3834607303142548,-0.4498526725252391,0.4498526725252391
EleutherAI/pythia-70m-deduped,attention.query_key_value,subspace_stability_topk,512,1000,0.22038733959198004,0.46995583330417484,0.46995583330417484
EleutherAI/pythia-70m-deduped,attention.query_key_value,subspace_stability_topk,1000,2000,0.021594295899073246,0.031326015922324944,0.031326015922324944
EleutherAI/pythia-70m-deduped,attention.query_key_value,subspace_stability_topk,2000,3000,0.19620647033055627,0.275983722446045,0.275983722446045
EleutherAI/pythia-70m-deduped,attention.query_key_value,subspace_stability_topk,3000,8000,-0.1255613764127096,-0.13841433694667565,0.13841433694667565
EleutherAI/pythia-70m-deduped,attention.query_key_value,subspace_stability_topk,8000,16000,0.08886799216270447,0.11370299732222895,0.11370299732222895
EleutherAI/pythia-70m-deduped,attention.query_key_value,subspace_stability_topk,16000,64000,-0.3579188957810402,-0.41118927987661624,0.41118927987661624
EleutherAI/pythia-70m-deduped,attention.query_key_value,subspace_stability_topk,64000,143000,0.27796469877163565,0.5423393207631453,0.5423393207631453
EleutherAI/pythia-70m-deduped,mlp.dense_4h_to_h,subspace_stability_topk,0,128,,,
EleutherAI/pythia-70m-deduped,mlp.dense_4h_to_h,subspace_stability_topk,128,512,-0.14985227088133501,-0.18145870068287723,0.18145870068287723
EleutherAI/pythia-70m-deduped,mlp.dense_4h_to_h,subspace_stability_topk,512,1000,-0.04333651562531782,-0.0641103077336705,0.0641103077336705
EleutherAI/pythia-70m-deduped,mlp.dense_4h_to_h,subspace_stability_topk,1000,2000,-0.007340659697850582,-0.011603374218838312,0.011603374218838312
EleutherAI/pythia-70m-deduped,mlp.dense_4h_to_h,subspace_stability_topk,2000,3000,0.2257722715536753,0.36106763054763474,0.36106763054763474
EleutherAI/pythia-70m-deduped,mlp.dense_4h_to_h,subspace_stability_topk,3000,8000,-0.09217563271522522,-0.10830646352540359,0.10830646352540359
EleutherAI/pythia-70m-deduped,mlp.dense_4h_to_h,subspace_stability_topk,8000,16000,0.13744215170542406,0.18111006015885223,0.18111006015885223
EleutherAI/pythia-70m-deduped,mlp.dense_4h_to_h,subspace_stability_topk,16000,64000,-0.2117642561594646,-0.23625712659702683,0.23625712659702683
EleutherAI/pythia-70m-deduped,mlp.dense_4h_to_h,subspace_stability_topk,64000,143000,0.03024756908416748,0.04418507201004293,0.04418507201004293
EleutherAI/pythia-70m-deduped,mlp.dense_h_to_4h,subspace_stability_topk,0,128,,,
EleutherAI/pythia-70m-deduped,mlp.dense_h_to_4h,subspace_stability_topk,128,512,-0.13836230834325158,-0.14535074278534055,0.14535074278534055
EleutherAI/pythia-70m-deduped,mlp.dense_h_to_4h,subspace_stability_topk,512,1000,-0.12804700930913293,-0.15739139206289623,0.15739139206289623
EleutherAI/pythia-70m-deduped,mlp.dense_h_to_4h,subspace_stability_topk,1000,2000,-0.024037212133407593,-0.035064668853437,0.035064668853437
EleutherAI/pythia-70m-deduped,mlp.dense_h_to_4h,subspace_stability_topk,2000,3000,0.2310312489668529,0.34926748998086765,0.34926748998086765
EleutherAI/pythia-70m-deduped,mlp.dense_h_to_4h,subspace_stability_topk,3000,8000,-0.06850846111774445,-0.07675975732942782,0.07675975732942782
EleutherAI/pythia-70m-deduped,mlp.dense_h_to_4h,subspace_stability_topk,8000,16000,0.06013122697671247,0.07297510357894875,0.07297510357894875
EleutherAI/pythia-70m-deduped,mlp.dense_h_to_4h,subspace_stability_topk,16000,64000,-0.12997796138127637,-0.14701265821374335,0.14701265821374335
EleutherAI/pythia-70m-deduped,mlp.dense_h_to_4h,subspace_stability_topk,64000,143000,0.07051911950111389,0.09350811537761783,0.09350811537761783
EleutherAI/pythia-70m-deduped,attention.dense,mp_outliers,0,128,0.0,0.0,0.0
EleutherAI/pythia-70m-deduped,attention.dense,mp_outliers,128,512,0.0,0.0,0.0
EleutherAI/pythia-70m-deduped,attention.dense,mp_outliers,512,1000,0.0,0.0,0.0
EleutherAI/pythia-70m-deduped,attention.dense,mp_outliers,1000,2000,0.0,0.0,0.0
EleutherAI/pythia-70m-deduped,attention.dense,mp_outliers,2000,3000,0.0,0.0,0.0
EleutherAI/pythia-70m-deduped,attention.dense,mp_outliers,3000,8000,0.0,0.0,0.0
EleutherAI/pythia-70m-deduped,attention.dense,mp_outliers,8000,16000,0.0,0.0,0.0
EleutherAI/pythia-70m-deduped,attention.dense,mp_outliers,16000,64000,0.0,0.0,0.0
EleutherAI/pythia-70m-deduped,attention.dense,mp_outliers,64000,143000,0.0,0.0,0.0
EleutherAI/pythia-70m-deduped,attention.query_key_value,mp_outliers,0,128,1.1666666666666665,6.999999999957999,6.999999999957999
EleutherAI/pythia-70m-deduped,attention.query_key_value,mp_outliers,128,512,6.833333333333333,5.124999999996156,5.124999999996156
EleutherAI/pythia-70m-deduped,attention.query_key_value,mp_outliers,512,1000,16.0,1.959183673469148,1.959183673469148
EleutherAI/pythia-70m-deduped,attention.query_key_value,mp_outliers,1000,2000,26.166666666666668,1.0827586206896105,1.0827586206896105
EleutherAI/pythia-70m-deduped,attention.query_key_value,mp_outliers,2000,3000,12.333333333333329,0.24503311258277646,0.24503311258277646
EleutherAI/pythia-70m-deduped,attention.query_key_value,mp_outliers,3000,8000,3.500000000000007,0.055851063829786454,0.055851063829786454
EleutherAI/pythia-70m-deduped,attention.query_key_value,mp_outliers,8000,16000,0.8333333333333286,0.012594458438286892,0.012594458438286892
EleutherAI/pythia-70m-deduped,attention.query_key_value,mp_outliers,16000,64000,33.33333333333333,0.4975124378109378,0.4975124378109378
EleutherAI/pythia-70m-deduped,attention.query_key_value,mp_outliers,64000,143000,12.333333333333343,0.12292358803986599,0.12292358803986599
EleutherAI/pythia-70m-deduped,mlp.dense_4h_to_h,mp_outliers,0,128,1.5,8.999999999946,8.999999999946
EleutherAI/pythia-70m-deduped,mlp.dense_4h_to_h,mp_outliers,128,512,3.666666666666666,2.1999999999986795,2.1999999999986795
EleutherAI/pythia-70m-deduped,mlp.dense_4h_to_h,mp_outliers,512,1000,12.0,2.249999999999578,2.249999999999578
EleutherAI/pythia-70m-deduped,mlp.dense_4h_to_h,mp_outliers,1000,2000,24.500000000000004,1.4134615384614573,1.4134615384614573
EleutherAI/pythia-70m-deduped,mlp.dense_4h_to_h,mp_outliers,2000,3000,2.0,0.0478087649402379,0.0478087649402379
EleutherAI/pythia-70m-deduped,mlp.dense_4h_to_h,mp_outliers,3000,8000,1.0,0.022813688212927234,0.022813688212927234
EleutherAI/pythia-70m-deduped,mlp.dense_4h_to_h,mp_outliers,8000,16000,1.0,0.022304832713754146,0.022304832713754146
EleutherAI/pythia-70m-deduped,mlp.dense_4h_to_h,mp_outliers,16000,64000,1.6666666666666643,0.036363636363635515,0.036363636363635515
EleutherAI/pythia-70m-deduped,mlp.dense_4h_to_h,mp_outliers,64000,143000,7.666666666666664,0.16140350877192636,0.16140350877192636
EleutherAI/pythia-70m-deduped,mlp.dense_h_to_4h,mp_outliers,0,128,0.33333333333333337,1.9999999999880003,1.9999999999880003
EleutherAI/pythia-70m-deduped,mlp.dense_h_to_4h,mp_outliers,128,512,1.6666666666666665,3.3333333333266664,3.3333333333266664
EleutherAI/pythia-70m-deduped,mlp.dense_h_to_4h,mp_outliers,512,1000,6.333333333333334,2.923076923075574,2.923076923075574
EleutherAI/pythia-70m-deduped,mlp.dense_h_to_4h,mp_outliers,1000,2000,24.166666666666664,2.843137254901626,2.843137254901626
EleutherAI/pythia-70m-deduped,mlp.dense_h_to_4h,mp_outliers,2000,3000,12.166666666666671,0.3724489795918255,0.3724489795918255
EleutherAI/pythia-70m-deduped,mlp.dense_h_to_4h,mp_outliers,3000,8000,10.0,0.22304832713754147,0.22304832713754147
EleutherAI/pythia-70m-deduped,mlp.dense_h_to_4h,mp_outliers,8000,16000,0.1666666666666643,0.0030395136778114513,0.0030395136778114513
EleutherAI/pythia-70m-deduped,mlp.dense_h_to_4h,mp_outliers,16000,64000,-1.5,-0.027272727272726775,0.027272727272726775
EleutherAI/pythia-70m-deduped,mlp.dense_h_to_4h,mp_outliers,64000,143000,1.3333333333333357,0.02492211838006188,0.02492211838006188
EleutherAI/pythia-70m-deduped,attention.dense,alpha,0,128,-0.007621277314794561,-0.002559083958737657,0.002559083958737657
EleutherAI/pythia-70m-deduped,attention.dense,alpha,128,512,-0.15697778402858287,-0.05284547240767836,0.05284547240767836
EleutherAI/pythia-70m-deduped,attention.dense,alpha,512,1000,-0.684984786397111,-0.24346115428828885,0.24346115428828885
EleutherAI/pythia-70m-deduped,attention.dense,alpha,1000,2000,-0.24753721120976802,-0.1162941884130374,0.1162941884130374
EleutherAI/pythia-70m-deduped,attention.dense,alpha,2000,3000,0.21205826814179818,0.11273662197998037,0.11273662197998037
EleutherAI/pythia-70m-deduped,attention.dense,alpha,3000,8000,0.2907073753729037,0.13889079885390845,0.13889079885390845
EleutherAI/pythia-70m-deduped,attention.dense,alpha,8000,16000,0.047521613164295484,0.019935471701702262,0.019935471701702262
EleutherAI/pythia-70m-deduped,attention.dense,alpha,16000,64000,-0.26203055882096615,-0.10777414554075095,0.10777414554075095
EleutherAI/pythia-70m-deduped,attention.dense,alpha,64000,143000,-0.0660483269670551,-0.03044736143384241,0.03044736143384241
EleutherAI/pythia-70m-deduped,attention.query_key_value,alpha,0,128,-0.04528495595487314,-0.00916982860059186,0.00916982860059186
EleutherAI/pythia-70m-deduped,attention.query_key_value,alpha,128,512,-1.4127407363003237,-0.2887157751297741,0.2887157751297741
EleutherAI/pythia-70m-deduped,attention.query_key_value,alpha,512,1000,-0.8563303633113373,-0.24604027975072287,0.24604027975072287
EleutherAI/pythia-70m-deduped,attention.query_key_value,alpha,1000,2000,-0.6008694503365,-0.22897962945231518,0.22897962945231518
EleutherAI/pythia-70m-deduped,attention.query_key_value,alpha,2000,3000,-0.02259888505686103,-0.011169606801434317,0.011169606801434317
EleutherAI/pythia-70m-deduped,attention.query_key_value,alpha,3000,8000,0.20787316295564828,0.1039028570056808,0.1039028570056808
EleutherAI/pythia-70m-deduped,attention.query_key_value,alpha,8000,16000,0.18672670370542122,0.08454825304718953,0.08454825304718953
EleutherAI/pythia-70m-deduped,attention.query_key_value,alpha,16000,64000,-0.618036106537865,-0.25802582580515343,0.25802582580515343
EleutherAI/pythia-70m-deduped,attention.query_key_value,alpha,64000,143000,0.035951487542120075,0.02022913926550482,0.02022913926550482
EleutherAI/pythia-70m-deduped,mlp.dense_4h_to_h,alpha,0,128,-0.06867947884651215,-0.012262173775400146,0.012262173775400146
EleutherAI/pythia-70m-deduped,mlp.dense_4h_to_h,alpha,128,512,-0.26347227543796414,-0.0476248599926728,0.0476248599926728
EleutherAI/pythia-70m-deduped,mlp.dense_4h_to_h,alpha,512,1000,-0.901954257983288,-0.17118876250017787,0.17118876250017787
EleutherAI/pythia-70m-deduped,mlp.dense_4h_to_h,alpha,1000,2000,-0.9422315449196099,-0.21577083804714414,0.21577083804714414
EleutherAI/pythia-70m-deduped,mlp.dense_4h_to_h,alpha,2000,3000,-0.1354809731817168,-0.03956128853251719,0.03956128853251719
EleutherAI/pythia-70m-deduped,mlp.dense_4h_to_h,alpha,3000,8000,-0.3881922622749161,-0.11802373079813537,0.11802373079813537
EleutherAI/pythia-70m-deduped,mlp.dense_4h_to_h,alpha,8000,16000,-0.06870298917015916,-0.023683244435223027,0.023683244435223027
EleutherAI/pythia-70m-deduped,mlp.dense_4h_to_h,alpha,16000,64000,-0.11841948578122663,-0.04181171606270686,0.04181171606270686
EleutherAI/pythia-70m-deduped,mlp.dense_4h_to_h,alpha,64000,143000,-0.2493475580260025,-0.0918817132660682,0.0918817132660682
EleutherAI/pythia-70m-deduped,mlp.dense_h_to_4h,alpha,0,128,-0.00812523619288541,-0.0014374723125352535,0.0014374723125352535
EleutherAI/pythia-70m-deduped,mlp.dense_h_to_4h,alpha,128,512,-0.12259326454399044,-0.02171975087084717,0.02171975087084717
EleutherAI/pythia-70m-deduped,mlp.dense_h_to_4h,alpha,512,1000,-0.9465673960196703,-0.17142591859904988,0.17142591859904988
EleutherAI/pythia-70m-deduped,mlp.dense_h_to_4h,alpha,1000,2000,-1.7238019068245025,-0.37677402680360383,0.37677402680360383
EleutherAI/pythia-70m-deduped,mlp.dense_h_to_4h,alpha,2000,3000,-0.3002083958864947,-0.10528606377353314,0.10528606377353314
EleutherAI/pythia-70m-deduped,mlp.dense_h_to_4h,alpha,3000,8000,-0.1870314813288183,-0.0733125907499114,0.0733125907499114
EleutherAI/pythia-70m-deduped,mlp.dense_h_to_4h,alpha,8000,16000,0.04369290471783005,0.018481682655255162,0.018481682655255162
EleutherAI/pythia-70m-deduped,mlp.dense_h_to_4h,alpha,16000,64000,0.2517245921467586,0.10454493918712943,0.10454493918712943
EleutherAI/pythia-70m-deduped,mlp.dense_h_to_4h,alpha,64000,143000,-0.121902677039468,-0.045836053888772765,0.045836053888772765
