model,module,metric,from_checkpoint,to_checkpoint,from_step,to_step,value_before,value_after,delta,relative_delta,transition_score,rank_within_metric_module
EleutherAI/pythia-160m-deduped,attention.dense,mp_outliers_x1,step0,step128,0,128,0.0,0.0,0.0,,0.0,1
EleutherAI/pythia-160m-deduped,attention.dense,mp_outliers_x1.1,step0,step128,0,128,0.0,0.0,0.0,,0.0,1
EleutherAI/pythia-160m-deduped,attention.dense,mp_outliers_x1.25,step0,step128,0,128,0.0,0.0,0.0,,0.0,1
EleutherAI/pythia-160m-deduped,mlp.dense_4h_to_h,mp_outliers_x1,step0,step128,0,128,0.08333333333333333,1.5833333333333333,1.5,18.0,2.944438979155072,1
EleutherAI/pythia-160m-deduped,mlp.dense_4h_to_h,mp_outliers_x1.1,step0,step128,0,128,0.0,0.25,0.25,,26.244726754812657,1
EleutherAI/pythia-160m-deduped,mlp.dense_4h_to_h,mp_outliers_x1.25,step0,step128,0,128,0.0,0.08333333333333333,0.08333333333333333,,25.146114466152547,1
EleutherAI/pythia-160m-deduped,attention.dense,subspace_stability_topk,step128,step512,128,512,0.9346950848897299,0.40932976578672725,-0.5253653191030025,-0.5620713402649188,0.5906702342132728,1
EleutherAI/pythia-160m-deduped,attention.query_key_value,mp_outliers_x1,step128,step512,128,512,0.5,6.916666666666667,6.416666666666667,12.833333333333334,2.6270811385666875,1
EleutherAI/pythia-160m-deduped,attention.query_key_value,mp_outliers_x1.1,step128,step512,128,512,0.0,4.0,4.0,,29.01731547704869,1
EleutherAI/pythia-160m-deduped,attention.query_key_value,mp_outliers_x1.25,step128,step512,128,512,0.0,3.0833333333333335,3.0833333333333335,,28.757032378785098,1
EleutherAI/pythia-160m-deduped,attention.query_key_value,stable_rank,step128,step512,128,512,307.59102843978445,116.27354296124598,-191.31748547853846,-0.6219865593901472,0.9728255268257627,1
EleutherAI/pythia-160m-deduped,attention.query_key_value,subspace_stability_topk,step128,step512,128,512,0.940377747019132,0.4413525313138962,-0.49902521570523584,-0.5306646369366748,0.5586474686861038,1
EleutherAI/pythia-160m-deduped,mlp.dense_4h_to_h,subspace_stability_topk,step128,step512,128,512,0.8347488443056742,0.5075999697049459,-0.3271488746007283,-0.3919129410389823,0.4924000302950541,1
EleutherAI/pythia-160m-deduped,attention.dense,alpha_tail_frac_0.3,step512,step1000,512,1000,2.7750108181184383,1.8632687866966027,-0.9117420314218356,-0.32855440615544373,0.3983222881260487,1
EleutherAI/pythia-160m-deduped,mlp.dense_4h_to_h,alpha_tail_frac_0.3,step512,step1000,512,1000,5.152412575641033,3.3605728438717057,-1.7918397317693269,-0.34776712956578343,0.42735361758032486,1
EleutherAI/pythia-160m-deduped,mlp.dense_4h_to_h,stable_rank,step512,step1000,512,1000,241.70600960199957,112.22495687404722,-129.48105272795235,-0.5356964559596998,0.7672167509026826,1
EleutherAI/pythia-160m-deduped,mlp.dense_h_to_4h,mp_outliers_x1,step512,step1000,512,1000,0.75,10.166666666666666,9.416666666666666,12.555555555555555,2.606796467395802,1
EleutherAI/pythia-160m-deduped,mlp.dense_h_to_4h,mp_outliers_x1.1,step512,step1000,512,1000,0.0,4.25,4.25,,29.07794009886511,1
EleutherAI/pythia-160m-deduped,mlp.dense_h_to_4h,mp_outliers_x1.25,step512,step1000,512,1000,0.0,1.3333333333333333,1.3333333333333333,,27.91870318838108,1
EleutherAI/pythia-160m-deduped,mlp.dense_h_to_4h,subspace_stability_topk,step512,step1000,512,1000,0.8873359064261118,0.5571050345897675,-0.33023087183634436,-0.3721599333970405,0.44289496541023254,1
EleutherAI/pythia-160m-deduped,attention.dense,effective_rank,step1000,step2000,1000,2000,589.1346497838059,556.6613600633906,-32.47328972041532,-0.05512031881392821,0.05669768109068426,1
EleutherAI/pythia-160m-deduped,attention.query_key_value,alpha_tail_frac_0.3,step1000,step2000,1000,2000,3.316025758168779,2.332427129841542,-0.9835986283272371,-0.2966197189223323,0.35185759306031783,1
EleutherAI/pythia-160m-deduped,mlp.dense_4h_to_h,effective_rank,step1000,step2000,1000,2000,730.5026761767103,718.151313791467,-12.351362385243306,-0.01690803167195445,0.017052604383201022,1
EleutherAI/pythia-160m-deduped,mlp.dense_h_to_4h,alpha_tail_frac_0.3,step1000,step2000,1000,2000,4.717197857122959,2.9927029500637503,-1.7244949070592086,-0.36557612364196784,0.4550379732440742,1
EleutherAI/pythia-160m-deduped,mlp.dense_h_to_4h,stable_rank,step1000,step2000,1000,2000,124.91399383503868,41.882291116786966,-83.03170271825172,-0.6647109756806217,1.0927623599574898,1
EleutherAI/pythia-160m-deduped,mlp.dense_h_to_4h,effective_rank,step3000,step8000,3000,8000,722.6474501446497,710.8628881370836,-11.784562007566137,-0.016307484382885824,0.016441914892171356,1
EleutherAI/pythia-160m-deduped,attention.dense,stable_rank,step64000,step143000,64000,143000,81.7195898893721,45.88376360140375,-35.83582628796835,-0.43852185671123783,0.5771824311378084,1
EleutherAI/pythia-160m-deduped,attention.query_key_value,effective_rank,step64000,step143000,64000,143000,644.6440552903556,556.6209414176554,-88.02311387270015,-0.13654529681973637,0.14681384000322148,1
EleutherAI/pythia-160m-deduped,attention.query_key_value,mp_outliers_x1,step0,step128,0,128,0.08333333333333333,0.5,0.4166666666666667,5.000000000000001,1.791759469218055,2
EleutherAI/pythia-160m-deduped,attention.dense,mp_outliers_x1,step128,step512,128,512,0.0,0.0,0.0,,0.0,2
EleutherAI/pythia-160m-deduped,attention.dense,mp_outliers_x1.1,step128,step512,128,512,0.0,0.0,0.0,,0.0,2
EleutherAI/pythia-160m-deduped,attention.dense,mp_outliers_x1.25,step128,step512,128,512,0.0,0.0,0.0,,0.0,2
EleutherAI/pythia-160m-deduped,mlp.dense_4h_to_h,mp_outliers_x1,step128,step512,128,512,1.5833333333333333,11.416666666666666,9.833333333333332,6.2105263157894735,1.9755419466611404,2
EleutherAI/pythia-160m-deduped,mlp.dense_4h_to_h,mp_outliers_x1.1,step128,step512,128,512,0.25,4.25,4.0,16.0,2.8332133440524516,2
EleutherAI/pythia-160m-deduped,mlp.dense_4h_to_h,mp_outliers_x1.25,step128,step512,128,512,0.08333333333333333,1.5833333333333333,1.5,18.0,2.944438979155072,2
EleutherAI/pythia-160m-deduped,mlp.dense_4h_to_h,stable_rank,step128,step512,128,512,321.6176269648799,241.70600960199957,-79.91161736288032,-0.2484677787004707,0.28564119472751126,2
EleutherAI/pythia-160m-deduped,mlp.dense_h_to_4h,mp_outliers_x1,step128,step512,128,512,0.08333333333333333,0.75,0.6666666666666666,8.0,2.1972245773255525,2
EleutherAI/pythia-160m-deduped,attention.dense,effective_rank,step512,step1000,512,1000,614.0054793329668,589.1346497838059,-24.87082954916093,-0.04050587557651716,0.041349087134702346,2
EleutherAI/pythia-160m-deduped,attention.dense,stable_rank,step512,step1000,512,1000,123.74166155274092,75.42535557731479,-48.31630597542613,-0.3904611055738318,0.49505251843615733,2
EleutherAI/pythia-160m-deduped,attention.dense,subspace_stability_topk,step512,step1000,512,1000,0.40932976578672725,0.4391362816095352,0.029806515822807966,0.07281785570985823,0.5608637183904648,2
EleutherAI/pythia-160m-deduped,attention.query_key_value,mp_outliers_x1.1,step512,step1000,512,1000,4.0,13.916666666666666,9.916666666666666,2.4791666666666665,1.246792801508686,2
EleutherAI/pythia-160m-deduped,attention.query_key_value,mp_outliers_x1.25,step512,step1000,512,1000,3.0833333333333335,9.583333333333334,6.5,2.108108108108108,1.1340142157188056,2
EleutherAI/pythia-160m-deduped,mlp.dense_4h_to_h,effective_rank,step512,step1000,512,1000,740.502862809141,730.5026761767103,-10.000186632430655,-0.013504588752694838,0.013596605078886393,2
EleutherAI/pythia-160m-deduped,mlp.dense_4h_to_h,subspace_stability_topk,step512,step1000,512,1000,0.5075999697049459,0.6302498877048492,0.12264991799990332,0.24162711843973592,0.36975011229515076,2
EleutherAI/pythia-160m-deduped,mlp.dense_h_to_4h,alpha_tail_frac_0.3,step512,step1000,512,1000,5.645336734596667,4.717197857122959,-0.9281388774737085,-0.16440806299219274,0.17961489869066116,2
EleutherAI/pythia-160m-deduped,mlp.dense_h_to_4h,stable_rank,step512,step1000,512,1000,340.2576111246421,124.91399383503868,-215.3436172896034,-0.6328840568116474,1.0020775593261004,2
EleutherAI/pythia-160m-deduped,attention.query_key_value,stable_rank,step1000,step2000,1000,2000,68.44161763601578,32.332913653028996,-36.10870398298678,-0.5275840231453769,0.7498953746240791,2
EleutherAI/pythia-160m-deduped,mlp.dense_4h_to_h,alpha_tail_frac_0.3,step1000,step2000,1000,2000,3.3605728438717057,2.808847772046279,-0.5517250718254267,-0.1641759001985465,0.17933709497208217,2
EleutherAI/pythia-160m-deduped,mlp.dense_h_to_4h,effective_rank,step1000,step2000,1000,2000,740.3294794585007,730.0726663278025,-10.25681313069822,-0.013854389721452618,0.01395125751550021,2
EleutherAI/pythia-160m-deduped,mlp.dense_h_to_4h,mp_outliers_x1.1,step1000,step2000,1000,2000,4.25,32.666666666666664,28.416666666666664,6.686274509803921,2.039436207065932,2
EleutherAI/pythia-160m-deduped,mlp.dense_h_to_4h,mp_outliers_x1.25,step1000,step2000,1000,2000,1.3333333333333333,21.083333333333332,19.75,14.8125,2.760800766487036,2
EleutherAI/pythia-160m-deduped,mlp.dense_h_to_4h,subspace_stability_topk,step1000,step2000,1000,2000,0.5571050345897675,0.6916123777627945,0.13450734317302704,0.241439827001516,0.3083876222372055,2
EleutherAI/pythia-160m-deduped,attention.dense,alpha_tail_frac_0.3,step3000,step8000,3000,8000,1.7138951432616523,2.0319178956356545,0.31802275237400224,0.18555554791338316,0.1702114815312827,2
EleutherAI/pythia-160m-deduped,attention.query_key_value,effective_rank,step16000,step64000,16000,64000,686.8112114618274,644.6440552903556,-42.16715617147179,-0.06139555596613236,0.06336114088567325,2
EleutherAI/pythia-160m-deduped,attention.query_key_value,subspace_stability_topk,step16000,step64000,16000,64000,0.8802930265665054,0.6440126945575079,-0.23628033200899756,-0.2684110005171633,0.35598730544249213,2
EleutherAI/pythia-160m-deduped,attention.query_key_value,alpha_tail_frac_0.3,step64000,step143000,64000,143000,1.9501010784499797,1.5260520796475883,-0.42404899880239144,-0.21744975349659462,0.24519714584533417,2
