outcome,model_kind,break_step,include_uptake,n,p,rss,aic,bic,rmse,loocv_rmse,delta_aic,delta_bic
normalized_retention_margin,fixed_break_segmented,1000,False,30,3,0.0908836877138802,-167.98116385971358,-163.77757171472712,0.055040496519647604,0.06230451193507083,0.0,0.0
normalized_retention_margin,free_break_candidate_segmented,1000,False,30,3,0.0908836877138802,-167.98116385971358,-163.77757171472712,0.055040496519647604,0.06230451193507083,0.0,0.0
normalized_retention_margin,fixed_break_segmented,2000,False,30,3,0.14628726674201287,-153.70141174986708,-149.49781960488062,0.0698300954083106,0.0775479715252692,14.279752109846498,14.279752109846498
normalized_retention_margin,free_break_candidate_segmented,2000,False,30,3,0.14628726674201287,-153.70141174986708,-149.49781960488062,0.0698300954083106,0.0775479715252692,14.279752109846498,14.279752109846498
normalized_retention_margin,fixed_break_segmented,3000,False,30,3,0.16789519096154953,-149.56838217746525,-145.3647900324788,0.07480980126550922,0.08310146697112729,18.412781682248323,18.412781682248323
normalized_retention_margin,free_break_candidate_segmented,3000,False,30,3,0.16789519096154953,-149.56838217746525,-145.3647900324788,0.07480980126550922,0.08310146697112729,18.412781682248323,18.412781682248323
normalized_retention_margin,quadratic_log_step,,False,30,3,0.1852526625897839,-146.6169607085126,-142.41336856352615,0.07858173294724924,0.08772292460124037,21.364203151200968,21.364203151200968
normalized_retention_margin,monotone_log_step,,False,30,2,0.2141503036362329,-144.26823616150546,-141.46584139818114,0.08448871791275506,0.09079437472762185,23.71292769820812,22.311730316545976
normalized_retention_margin,free_break_candidate_segmented,8000,False,30,3,0.20611031392689036,-143.4162339205983,-139.21264177561184,0.08288753704606629,0.09227869254124356,24.564929939115274,24.564929939115274
normalized_retention_margin,free_break_candidate_segmented,512,False,30,3,0.21415030363623289,-142.26823616150546,-138.064644016519,0.08448871791275504,0.0907943747276219,25.71292769820812,25.71292769820812
normalized_retention_margin,window_indicator,,False,30,3,0.24373972277933015,-138.38555143835438,-134.18195929336792,0.09013688160779511,0.09775420089949524,29.595612421359192,29.595612421359192
normalized_retention_margin,fixed_break_segmented,1000,True,30,4,0.08392115688777944,-168.37224733145683,-162.7674578048082,0.052890187145247604,0.06073210529890193,0.0,0.0
normalized_retention_margin,free_break_candidate_segmented,1000,True,30,4,0.08392115688777944,-168.37224733145683,-162.7674578048082,0.052890187145247604,0.06073210529890193,0.0,0.0
normalized_retention_margin,window_indicator,,True,30,4,0.09267330152956861,-165.39616716834757,-159.79137764169894,0.05557976296266133,0.05988539301624759,2.976080163109259,2.976080163109259
normalized_retention_margin,fixed_break_segmented,2000,True,30,4,0.12634000051493224,-156.0992791329392,-150.49448960629056,0.06489478677442234,0.07213088826294993,12.272968198517646,12.272968198517646
normalized_retention_margin,free_break_candidate_segmented,2000,True,30,4,0.12634000051493224,-156.0992791329392,-150.49448960629056,0.06489478677442234,0.07213088826294993,12.272968198517646,12.272968198517646
normalized_retention_margin,monotone_log_step,,True,30,3,0.13884331004629896,-155.26819887628815,-151.0646067313017,0.06803021633712943,0.07610317833760527,13.10404845516868,11.702851073506508
normalized_retention_margin,free_break_candidate_segmented,8000,True,30,4,0.13000302770318461,-155.24184761306265,-149.63705808641402,0.06582882542452675,0.08148385952704058,13.130399718394187,13.130399718394187
normalized_retention_margin,fixed_break_segmented,3000,True,30,4,0.13662514026785263,-153.75135062454905,-148.14656109790042,0.06748460077870917,0.07674489714845573,14.620896706907786,14.620896706907786
normalized_retention_margin,free_break_candidate_segmented,3000,True,30,4,0.13662514026785263,-153.75135062454905,-148.14656109790042,0.06748460077870917,0.07674489714845573,14.620896706907786,14.620896706907786
normalized_retention_margin,quadratic_log_step,,True,30,4,0.1386749600401586,-153.30459648572958,-147.69980695908095,0.06798895989795173,0.08054661505873763,15.067650845727258,15.067650845727258
normalized_retention_margin,free_break_candidate_segmented,512,True,30,4,0.13884331004629888,-153.26819887628818,-147.66340934963955,0.06803021633712941,0.07610317833760563,15.104048455168652,15.104048455168652
normalized_retention_accuracy,fixed_break_segmented,1000,False,30,3,0.4044264795679608,-123.19448090960728,-118.99088876462082,0.11610720327466922,0.12633970685009052,0.0,0.0
normalized_retention_accuracy,free_break_candidate_segmented,1000,False,30,3,0.4044264795679608,-123.19448090960728,-118.99088876462082,0.11610720327466922,0.12633970685009052,0.0,0.0
normalized_retention_accuracy,window_indicator,,False,30,3,0.439535925682392,-120.69699614078338,-116.49340399579691,0.1210421311888815,0.12775744382084864,2.4974847688238953,2.4974847688239095
normalized_retention_accuracy,monotone_log_step,,False,30,2,0.5327051821426056,-116.92953556097567,-114.12714079765135,0.13325479130130188,0.14084623454157497,6.264945348631613,4.86374796696947
normalized_retention_accuracy,free_break_candidate_segmented,8000,False,30,3,0.5182947454098571,-115.7522572087481,-111.54866506376163,0.1314400681438575,0.1430955384899946,7.442223700859174,7.442223700859188
normalized_retention_accuracy,fixed_break_segmented,2000,False,30,3,0.5185185888904824,-115.73930347001628,-111.53571132502981,0.13146844854571033,0.1420628194180507,7.455177439590997,7.4551774395910115
normalized_retention_accuracy,free_break_candidate_segmented,2000,False,30,3,0.5185185888904824,-115.73930347001628,-111.53571132502981,0.13146844854571033,0.1420628194180507,7.455177439590997,7.4551774395910115
normalized_retention_accuracy,fixed_break_segmented,3000,False,30,3,0.5314005741381564,-115.0030964068073,-110.79950426182083,0.133091519156075,0.1446044013282715,8.191384502799977,8.191384502799991
normalized_retention_accuracy,free_break_candidate_segmented,3000,False,30,3,0.5314005741381564,-115.0030964068073,-110.79950426182083,0.133091519156075,0.1446044013282715,8.191384502799977,8.191384502799991
normalized_retention_accuracy,quadratic_log_step,,False,30,3,0.5324063299265535,-114.94637054325732,-110.74277839827084,0.13321740751200065,0.14516210184043843,8.248110366349962,8.248110366349977
normalized_retention_accuracy,free_break_candidate_segmented,512,False,30,3,0.5327051821426054,-114.92953556097567,-110.7259434159892,0.13325479130130186,0.14084623454157502,8.264945348631613,8.264945348631613
normalized_retention_accuracy,fixed_break_segmented,1000,True,30,4,0.3910363350079938,-122.20456529701937,-116.59977577037075,0.11416892966243687,0.12750368559507697,0.0,0.0
normalized_retention_accuracy,free_break_candidate_segmented,1000,True,30,4,0.3910363350079938,-122.20456529701937,-116.59977577037075,0.11416892966243687,0.12750368559507697,0.0,0.0
normalized_retention_accuracy,window_indicator,,True,30,4,0.4311982477409819,-119.27154114214693,-113.66675161549831,0.11988859380566358,0.12855370155576576,2.9330241548724416,2.9330241548724416
normalized_retention_accuracy,free_break_candidate_segmented,8000,True,30,4,0.46190849034679915,-117.20757586071986,-111.60278633407124,0.12408444575460148,0.15063373415709844,4.996989436299515,4.996989436299515
normalized_retention_accuracy,monotone_log_step,,True,30,3,0.5188424550848921,-115.72057134930597,-111.51697920431951,0.13150949966762757,0.14414430673605783,6.483993947713401,5.082796566051243
normalized_retention_accuracy,quadratic_log_step,,True,30,4,0.5032193719915581,-114.63779375201767,-109.03300422536906,0.12951439713941176,0.15347871425495116,7.5667715450017,7.5667715450017
normalized_retention_accuracy,fixed_break_segmented,2000,True,30,4,0.5155400026888886,-113.9121328124058,-108.30734328575718,0.13109030000841512,0.14601393132176016,8.29243248461357,8.29243248461357
normalized_retention_accuracy,free_break_candidate_segmented,2000,True,30,4,0.5155400026888886,-113.9121328124058,-108.30734328575718,0.13109030000841512,0.14601393132176016,8.29243248461357,8.29243248461357
normalized_retention_accuracy,fixed_break_segmented,3000,True,30,4,0.5159249478030817,-113.889740672069,-108.28495114542038,0.13113923234525482,0.15174605252563,8.314824624950376,8.314824624950376
normalized_retention_accuracy,free_break_candidate_segmented,3000,True,30,4,0.5159249478030817,-113.889740672069,-108.28495114542038,0.13113923234525482,0.15174605252563,8.314824624950376,8.314824624950376
normalized_retention_accuracy,free_break_candidate_segmented,512,True,30,4,0.5188424550848922,-113.72057134930597,-108.11578182265735,0.1315094996676276,0.1441443067360582,8.483993947713401,8.483993947713401
normalized_degradation_auc_margin,fixed_break_segmented,1000,False,30,3,0.0163477133885053,-219.4459388098665,-215.24234666488005,0.02334360254152823,0.025917673926420193,0.0,0.0
normalized_degradation_auc_margin,free_break_candidate_segmented,1000,False,30,3,0.0163477133885053,-219.4459388098665,-215.24234666488005,0.02334360254152823,0.025917673926420193,0.0,0.0
normalized_degradation_auc_margin,quadratic_log_step,,False,30,3,0.024206689923517363,-207.66970867693374,-203.46611653194728,0.02840580335278771,0.03150878510856073,11.776230132932767,11.776230132932767
normalized_degradation_auc_margin,free_break_candidate_segmented,8000,False,30,3,0.026865627301310493,-204.54314959810753,-200.33955745312107,0.029925255388111277,0.03322809418958899,14.902789211758972,14.902789211758972
normalized_degradation_auc_margin,fixed_break_segmented,2000,False,30,3,0.02743064627340798,-203.91875385444376,-199.7151617094573,0.030238301469829053,0.033394673488284045,15.52718495542274,15.52718495542274
normalized_degradation_auc_margin,free_break_candidate_segmented,2000,False,30,3,0.02743064627340798,-203.91875385444376,-199.7151617094573,0.030238301469829053,0.033394673488284045,15.52718495542274,15.52718495542274
normalized_degradation_auc_margin,fixed_break_segmented,3000,False,30,3,0.029171407049838664,-202.07290925195832,-197.86931710697186,0.031183011961557244,0.034602128570091276,17.373029557908183,17.373029557908183
normalized_degradation_auc_margin,free_break_candidate_segmented,3000,False,30,3,0.029171407049838664,-202.07290925195832,-197.86931710697186,0.031183011961557244,0.034602128570091276,17.373029557908183,17.373029557908183
normalized_degradation_auc_margin,monotone_log_step,,False,30,2,0.04384962417704563,-191.84559537535193,-189.04320061202762,0.03823158562281788,0.0414748442022527,27.60034343451457,26.199146052852427
normalized_degradation_auc_margin,free_break_candidate_segmented,512,False,30,3,0.043849624177045646,-189.84559537535193,-185.64200323036548,0.03823158562281788,0.04147484420225273,29.60034343451457,29.60034343451457
normalized_degradation_auc_margin,window_indicator,,False,30,3,0.1907780093856218,-145.73526489194364,-141.53167274695718,0.07974501225481584,0.08781554999437827,73.71067391792286,73.71067391792286
normalized_degradation_auc_margin,fixed_break_segmented,1000,True,30,4,0.013419384777656328,-223.3675712153017,-217.76278168865306,0.021149771297153015,0.023614427334252865,0.0,0.0
normalized_degradation_auc_margin,free_break_candidate_segmented,1000,True,30,4,0.013419384777656328,-223.3675712153017,-217.76278168865306,0.021149771297153015,0.023614427334252865,0.0,0.0
normalized_degradation_auc_margin,quadratic_log_step,,True,30,4,0.019884267828874966,-211.57071408806024,-205.9659245614116,0.025745075793812796,0.0294875499789089,11.796857127241452,11.796857127241452
normalized_degradation_auc_margin,free_break_candidate_segmented,8000,True,30,4,0.02061414487684292,-210.48925527922904,-204.8844657525804,0.026213320326914532,0.03056386732681794,12.878315936072653,12.878315936072653
normalized_degradation_auc_margin,fixed_break_segmented,2000,True,30,4,0.021363121279140158,-209.4185958978185,-203.81380637116987,0.0266852776383909,0.031123174978768275,13.948975317483189,13.948975317483189
normalized_degradation_auc_margin,free_break_candidate_segmented,2000,True,30,4,0.021363121279140158,-209.4185958978185,-203.81380637116987,0.0266852776383909,0.031123174978768275,13.948975317483189,13.948975317483189
normalized_degradation_auc_margin,monotone_log_step,,True,30,3,0.02382899490499944,-208.14148644421002,-203.93789429922356,0.028183325392271367,0.0334344876254142,15.226084771091678,13.824887389429506
normalized_degradation_auc_margin,fixed_break_segmented,3000,True,30,4,0.02239664528035292,-208.00124431807137,-202.39645479142274,0.02732315579647473,0.032689684095645856,15.366326897230323,15.366326897230323
normalized_degradation_auc_margin,free_break_candidate_segmented,3000,True,30,4,0.02239664528035292,-208.00124431807137,-202.39645479142274,0.02732315579647473,0.032689684095645856,15.366326897230323,15.366326897230323
normalized_degradation_auc_margin,free_break_candidate_segmented,512,True,30,4,0.023828994904999463,-206.14148644421,-200.53669691756136,0.02818332539227138,0.03343448762541456,17.226084771091706,17.226084771091706
normalized_degradation_auc_margin,window_indicator,,True,30,4,0.05004315022544519,-183.8820106864457,-178.27722115979708,0.040842441253123446,0.05050409947973688,39.485560528855984,39.485560528855984
normalized_degradation_auc_accuracy,monotone_log_step,,False,30,2,0.0780547257232151,-174.5462740439939,-171.74387928066957,0.051008079661695134,0.053758804955285996,0.0,0.0
normalized_degradation_auc_accuracy,fixed_break_segmented,1000,False,30,3,0.07633813475207035,-173.2134014116255,-169.00980926663905,0.05044407290986403,0.05528936867939864,1.3328726323683782,2.7340700140305216
normalized_degradation_auc_accuracy,free_break_candidate_segmented,1000,False,30,3,0.07633813475207035,-173.2134014116255,-169.00980926663905,0.05044407290986403,0.05528936867939864,1.3328726323683782,2.7340700140305216
normalized_degradation_auc_accuracy,fixed_break_segmented,3000,False,30,3,0.0764515856824709,-173.1688496115718,-168.96525746658534,0.05048154305699953,0.05498079727954591,1.3774244324220888,2.7786218140842323
normalized_degradation_auc_accuracy,free_break_candidate_segmented,3000,False,30,3,0.0764515856824709,-173.1688496115718,-168.96525746658534,0.05048154305699953,0.05498079727954591,1.3774244324220888,2.7786218140842323
normalized_degradation_auc_accuracy,fixed_break_segmented,2000,False,30,3,0.07674886028239794,-173.05242372083964,-168.84883157585318,0.05057959413386586,0.05546306674238894,1.4938503231542484,2.895047704816392
normalized_degradation_auc_accuracy,free_break_candidate_segmented,2000,False,30,3,0.07674886028239794,-173.05242372083964,-168.84883157585318,0.05057959413386586,0.05546306674238894,1.4938503231542484,2.895047704816392
normalized_degradation_auc_accuracy,free_break_candidate_segmented,8000,False,30,3,0.07801554465385632,-172.56133690129036,-168.3577447563039,0.05099527581186854,0.05502351481365646,1.9849371427035294,3.386134524365673
normalized_degradation_auc_accuracy,quadratic_log_step,,False,30,3,0.07802515572497554,-172.55764129965257,-168.35404915466611,0.05099841687901548,0.055228718792901844,1.9886327443413165,3.38983012600346
normalized_degradation_auc_accuracy,free_break_candidate_segmented,512,False,30,3,0.07805472572321505,-172.54627404399392,-168.34268189900746,0.05100807966169512,0.05375880495528601,1.9999999999999716,3.401197381662115
normalized_degradation_auc_accuracy,window_indicator,,False,30,3,0.12206982314742298,-159.13078376230962,-154.92719161732316,0.06378866752734454,0.06824726734083088,15.41549028168427,16.816687663346414
normalized_degradation_auc_accuracy,fixed_break_segmented,1000,True,30,4,0.07225115663683934,-172.86412974896515,-167.25934022231652,0.04907516569401111,0.054806148860471346,0.0,1.3690736449884184
normalized_degradation_auc_accuracy,free_break_candidate_segmented,1000,True,30,4,0.07225115663683934,-172.86412974896515,-167.25934022231652,0.04907516569401111,0.054806148860471346,0.0,1.3690736449884184
normalized_degradation_auc_accuracy,monotone_log_step,,True,30,3,0.07731483049791248,-172.8320060122914,-168.62841386730494,0.05076574648911491,0.05440025785551242,0.032123736673753456,0.0
normalized_degradation_auc_accuracy,fixed_break_segmented,3000,True,30,4,0.07644976622137882,-171.16956358606691,-165.56477405941828,0.05048094235166997,0.05628965018266769,1.6945661628982407,3.063639807886659
normalized_degradation_auc_accuracy,free_break_candidate_segmented,3000,True,30,4,0.07644976622137882,-171.16956358606691,-165.56477405941828,0.05048094235166997,0.05628965018266769,1.6945661628982407,3.063639807886659
normalized_degradation_auc_accuracy,free_break_candidate_segmented,8000,True,30,4,0.07651587956734841,-171.14363095926876,-165.53884143262013,0.05050276545805798,0.05497660303367843,1.7204987896963928,3.0895724346848112
normalized_degradation_auc_accuracy,fixed_break_segmented,2000,True,30,4,0.07671820496669311,-171.0644088263329,-165.45961929968428,0.05056949178002257,0.05635946631531041,1.7997209226322468,3.1687945676206652
normalized_degradation_auc_accuracy,free_break_candidate_segmented,2000,True,30,4,0.07671820496669311,-171.0644088263329,-165.45961929968428,0.05056949178002257,0.05635946631531041,1.7997209226322468,3.1687945676206652
normalized_degradation_auc_accuracy,quadratic_log_step,,True,30,4,0.0770461317971362,-170.93644911818134,-165.3316595915327,0.050677454486565056,0.05521840664765835,1.9276806307838115,3.29675427577223
normalized_degradation_auc_accuracy,free_break_candidate_segmented,512,True,30,4,0.07731483049791248,-170.8320060122914,-165.22721648564277,0.05076574648911491,0.0544002578555125,2.0321237366737535,3.401197381662172
normalized_degradation_auc_accuracy,window_indicator,,True,30,4,0.10146332779638026,-162.67765689839922,-157.0728673717506,0.05815591910154983,0.06441324421423261,10.186472850565934,11.555546495554353
