experiment_id,model,stage,step,seed,timestamp,n_items,n_probe,n_train_texts,base_probe_mean_margin,base_probe_accuracy,base_probe_mean_nll,base_control_mean_margin,base_control_accuracy,post_injection_mean_margin,post_injection_accuracy,post_injection_mean_nll,uptake,uptake_accuracy_delta,injection_train_steps,injection_final_loss,post_continuation_mean_margin,post_continuation_accuracy,post_continuation_mean_nll,normalized_retention_margin,normalized_retention_accuracy,continuation_train_steps,continuation_final_loss,k_star_accuracy_threshold,degradation_auc_accuracy,degradation_auc_margin,degradation_final_accuracy,degradation_final_margin,step_num
e3_factual_cell_v3,EleutherAI/pythia-160m-deduped,step1,1,0,2026-06-07T10:56:09+0000,300,200,900,-0.4387421512603759,0.225,11.042428631782531,-0.403396954536438,0.195,-0.2528827250003814,0.41,5.089542003870011,0.1858594262599945,0.1849999999999999,600,0.7791742086410522,-0.7868455600738525,0.26,8.119570152759552,-1.8729392198086448,0.1891891891891892,500,7.220894336700439,0.0,80.92999999999999,-180.79925122022627,0.31,-0.7143099820613861,1
e3_factual_cell_v3,EleutherAI/pythia-160m-deduped,step1,1,1,2026-06-07T11:00:06+0000,300,200,900,-0.4137381887435913,0.185,11.012007422447205,-0.4780512189865112,0.18,-0.1918882179260254,0.48,4.5738851046562194,0.2218499708175659,0.295,600,0.8947799205780029,-0.7889573574066162,0.25,8.260390446186065,-1.6913194411532253,0.2203389830508474,500,7.232470035552978,0.0,97.22,-123.16040900349616,0.33,-0.5404672938585281,1
e3_factual_cell_v3,EleutherAI/pythia-160m-deduped,step1,1,2,2026-06-07T11:03:53+0000,300,200,900,-0.4628769731521606,0.195,11.015091466903687,-0.4703330993652344,0.17,-0.0359499979019165,0.495,4.433163112401962,0.4269269752502441,0.3,600,0.7856820225715637,-0.6194463181495666,0.3,8.12588265657425,-0.3667356575574371,0.35,500,7.218785762786865,0.0,96.67,-105.4197786653042,0.385,-0.4302324640750885,1
e3_factual_cell_v3,EleutherAI/pythia-160m-deduped,step1,1,3,2026-06-07T11:07:37+0000,300,200,900,-0.4281998634338378,0.175,10.978568921089172,-0.5299411725997925,0.22,-0.1488239645957946,0.42,4.728611983060837,0.2793758988380432,0.245,600,0.8711305856704712,-0.8432559275627136,0.24,8.239332058429717,-1.485654510124682,0.2653061224489796,500,7.2237725257873535,0.0,82.46000000000001,-149.1272767305374,0.295,-0.7184610223770141,1
e3_factual_cell_v3,EleutherAI/pythia-160m-deduped,step1,1,4,2026-06-07T11:11:47+0000,300,200,900,-0.4247987937927246,0.215,11.01343123435974,-0.3439932489395141,0.21,-0.1598037695884704,0.495,5.038175976276397,0.2649950242042541,0.28,600,0.9044075012207032,-0.8035154151916504,0.28,8.131605834960938,-1.4291461605219302,0.2321428571428572,500,7.2245774269104,0.0,91.38,-176.27031157016756,0.3,-0.836246565580368,1
e3_factual_cell_v3,EleutherAI/pythia-160m-deduped,step2,2,0,2026-06-07T11:15:57+0000,300,200,900,-0.4389636278152465,0.225,11.042292437553408,-0.4035240268707275,0.195,-0.2528665781021118,0.41,5.089544252157212,0.1860970497131347,0.1849999999999999,600,0.7791672348976135,-0.7868799352645874,0.26,8.119503064155579,-1.8695423059400869,0.1891891891891892,500,7.220890998840332,0.0,80.92999999999999,-180.79519954919812,0.31,-0.7142419362068176,2
e3_factual_cell_v3,EleutherAI/pythia-160m-deduped,step2,2,1,2026-06-07T11:19:43+0000,300,200,900,-0.4137525224685669,0.185,11.01184051990509,-0.4782140636444091,0.18,-0.191872911453247,0.48,4.573878840208054,0.2218796110153198,0.295,600,0.8947740197181702,-0.7890075254440307,0.25,8.260361256599426,-1.6912550065249303,0.2203389830508474,500,7.232461452484131,0.0,97.22,-123.15838247060776,0.33,-0.540467100739479,2
e3_factual_cell_v3,EleutherAI/pythia-160m-deduped,step2,2,2,2026-06-07T11:23:25+0000,300,200,900,-0.4630410861968994,0.195,11.015009922981262,-0.4703633689880371,0.17,-0.0360073769092559,0.495,4.433548181056977,0.4270337092876434,0.3,600,0.7856775522232056,-0.6194182538986206,0.3,8.125838034152984,-0.3661939661919942,0.35,500,7.218783378601074,0.0,96.67,-105.42339453935622,0.385,-0.4302449369430542,2
e3_factual_cell_v3,EleutherAI/pythia-160m-deduped,step1,1,0,2026-06-07T11:46:10+0000,300,200,900,-0.4387421751022339,0.225,11.042428646087648,-0.4033968782424926,0.195,-0.2528830516338348,0.41,5.0895442867279055,0.185859123468399,0.1849999999999999,600,0.7791740298271179,-0.7868452930450439,0.26,8.119569334983826,-1.8729407060934335,0.1891891891891892,500,7.220894813537598,0.0,80.92999999999999,-180.7992804980278,0.31,-0.7143104648590088,1
e3_factual_cell_v3,EleutherAI/pythia-160m-deduped,step1,1,1,2026-06-07T11:48:51+0000,300,200,900,-0.4137381172180175,0.185,11.012007393836974,-0.4780512237548828,0.18,-0.1918882167339325,0.48,4.573884804248809,0.221849900484085,0.295,600,0.8947798609733582,-0.7889574050903321,0.25,8.260390751361847,-1.6913205146974215,0.2203389830508474,500,7.232470035552978,0.0,97.22,-123.16041734695436,0.33,-0.540467249751091,1
e3_factual_cell_v3,EleutherAI/pythia-160m-deduped,step1,1,2,2026-06-07T11:51:34+0000,300,200,900,-0.4628769063949585,0.195,11.015091428756714,-0.4703331136703491,0.17,-0.0359498286247253,0.495,4.433163384199142,0.4269270777702331,0.3,600,0.7856821417808533,-0.6194463157653809,0.3,8.125882577896117,-0.3667357202737235,0.35,500,7.218786239624023,0.0,96.67,-105.419790725708,0.385,-0.4302324914932251,1
e3_factual_cell_v3,EleutherAI/pythia-160m-deduped,step2,2,0,2026-06-07T11:54:18+0000,300,200,900,-0.4389636278152465,0.225,11.042292428016662,-0.4035240268707275,0.195,-0.2528663277626037,0.41,5.0895438277721405,0.1860973000526428,0.1849999999999999,600,0.7791672348976135,-0.7868799018859863,0.26,8.119502964019775,-1.8695396116564933,0.1891891891891892,500,7.220890522003174,0.0,80.92999999999999,-180.7952146077156,0.31,-0.7142421102523804,2
e3_factual_cell_v3,EleutherAI/pythia-160m-deduped,step2,2,1,2026-06-07T11:57:01+0000,300,200,900,-0.4137525415420532,0.185,11.011840538978577,-0.4782140302658081,0.18,-0.191872968673706,0.48,4.573878849744797,0.2218795728683471,0.295,600,0.8947742581367493,-0.7890074539184571,0.25,8.260360724925995,-1.6912548889710657,0.2203389830508474,500,7.2324604988098145,0.0,97.22,-123.1583517742157,0.33,-0.5404669225215912,2
e3_factual_cell_v3,EleutherAI/pythia-160m-deduped,step2,2,2,2026-06-07T11:59:41+0000,300,200,900,-0.4630411052703857,0.195,11.015009927749634,-0.4703633642196655,0.17,-0.0360072064399719,0.495,4.433546516895294,0.4270338988304138,0.3,600,0.7856773734092712,-0.6194183278083801,0.3,8.12583760023117,-0.3661939320655568,0.35,500,7.218782901763916,0.0,96.67,-105.4233687710762,0.385,-0.4302448225021362,2
e3_factual_cell_v3,EleutherAI/pythia-160m-deduped,step4,4,0,2026-06-07T12:02:24+0000,300,200,900,-0.4475149059295654,0.225,11.036100950241089,-0.4092225694656372,0.205,-0.2528421926498413,0.415,5.090248906612397,0.1946727132797241,0.1899999999999999,600,0.7791627645492554,-0.7875409340858459,0.26,8.117651124000549,-1.7466547952598728,0.1842105263157895,500,7.2205634117126465,0.0,80.94,-180.93611498117448,0.31,-0.7122061789035797,4
e3_factual_cell_v3,EleutherAI/pythia-160m-deduped,step4,4,1,2026-06-07T12:05:00+0000,300,200,900,-0.4144755125045776,0.19,11.004538898468018,-0.4849848222732544,0.19,-0.1907354640960693,0.48,4.573343331813812,0.2237400484085083,0.29,600,0.894456148147583,-0.790727550983429,0.25,8.259776344299317,-1.681648149963229,0.2068965517241379,500,7.23180627822876,0.0,97.22,-122.81669102430344,0.33,-0.5394681024551392,4
e3_factual_cell_v3,EleutherAI/pythia-160m-deduped,step4,4,2,2026-06-07T12:07:36+0000,300,200,900,-0.469734764099121,0.2,11.011045880317688,-0.4716476917266846,0.185,-0.0375532722473144,0.495,4.444452131986618,0.4321814918518066,0.295,600,0.7856961488723755,-0.6187453746795655,0.295,8.124397292137147,-0.3447871169632122,0.3220338983050846,500,7.218664646148682,0.0,96.52,-105.54298896789552,0.385,-0.4309003973007202,4
e3_factual_cell_v3,EleutherAI/pythia-160m-deduped,step8,8,0,2026-06-07T12:10:16+0000,300,200,900,-0.4713063430786133,0.175,11.00383505344391,-0.4296620368957519,0.205,-0.2582202875614166,0.41,5.116229691505432,0.2130860555171966,0.235,600,0.7791893482208252,-0.7900020265579224,0.265,8.115250971317291,-1.4956196110805071,0.3829787234042554,500,7.220127582550049,0.0,80.3,-182.58352548360824,0.305,-0.7086702167987824,8
e3_factual_cell_v3,EleutherAI/pythia-160m-deduped,step8,8,1,2026-06-07T12:12:51+0000,300,200,900,-0.4176327419281005,0.21,10.969118242263797,-0.5030900001525879,0.185,-0.1880358409881591,0.48,4.577917040586471,0.2295969009399414,0.27,600,0.8935166597366333,-0.7919120573997498,0.265,8.254157273769378,-1.6301583947317924,0.2037037037037037,500,7.229743003845215,0.0,97.86,-122.16318808674812,0.33,-0.537692461013794,8
e3_factual_cell_v3,EleutherAI/pythia-160m-deduped,step8,8,2,2026-06-07T12:15:25+0000,300,200,900,-0.4895922374725341,0.215,10.98641685962677,-0.4656500148773193,0.195,-0.0461960446834564,0.485,4.499189124107361,0.4433961927890777,0.27,600,0.7858612537384033,-0.6167574715614319,0.3,8.12745019674301,-0.286798209269672,0.3148148148148147,500,7.218315124511719,0.0,97.81,-106.30442113161088,0.385,-0.4327545154094696,8
e3_factual_cell_v3,EleutherAI/pythia-160m-deduped,step16,16,0,2026-06-07T12:18:04+0000,300,200,900,-0.4353638887405395,0.205,10.92025652885437,-0.4520718383789062,0.155,-0.3081223356723785,0.405,5.325539373159408,0.1272415530681609,0.2,600,0.7827582955360413,-0.7769224858283996,0.265,8.113488821983337,-2.6843321922115595,0.3,500,7.218380451202393,0.0,78.47999999999999,-193.5464168071747,0.305,-0.7417156565189361,16
e3_factual_cell_v3,EleutherAI/pythia-160m-deduped,step16,16,1,2026-06-07T12:20:39+0000,300,200,900,-0.4208104610443115,0.23,10.89028383731842,-0.4552282857894897,0.16,-0.196174566745758,0.47,4.662494412660599,0.2246358942985534,0.2399999999999999,600,0.8966889977455139,-0.7895331144332886,0.265,8.272310194969178,-1.6414235780988962,0.1458333333333333,500,7.225258350372314,0.0,97.75,-125.37830965876576,0.34,-0.5599674355983734,16
e3_factual_cell_v3,EleutherAI/pythia-160m-deduped,step16,16,2,2026-06-07T12:23:13+0000,300,200,900,-0.4564508819580078,0.205,10.91470980644226,-0.4167885732650757,0.195,-0.10362513422966,0.475,4.781825294494629,0.3528257477283478,0.27,600,0.7871668934822083,-0.5931126594543457,0.31,8.143302528858184,-0.3873350467652328,0.3888888888888889,500,7.213539600372314,0.0,94.63,-112.76631769180298,0.355,-0.4385360813140869,16
e3_factual_cell_v3,EleutherAI/pythia-160m-deduped,step32,32,0,2026-06-07T12:25:50+0000,300,200,900,-0.4131184768676758,0.19,10.911541590690613,-0.4100052595138549,0.235,-0.3654109025001525,0.39,5.362508586645126,0.0477075743675232,0.2,600,0.7993472218513489,-0.7314719796180725,0.275,8.048691072463988,-6.673018005440976,0.4250000000000001,500,7.203035831451416,0.0,75.84,-208.182186601162,0.265,-0.8135362255573273,32
e3_factual_cell_v3,EleutherAI/pythia-160m-deduped,step32,32,1,2026-06-07T12:28:24+0000,300,200,900,-0.3957194089889526,0.23,10.893084735870362,-0.3918209505081176,0.16,-0.3211650085449218,0.43,4.847333670854568,0.0745544004440307,0.1999999999999999,600,0.91678386926651,-0.744471480846405,0.27,8.194389889240265,-4.677820085472572,0.2,500,7.211457252502441,0.0,95.05,-147.61036522865297,0.35,-0.6103166937828064,32
e3_factual_cell_v3,EleutherAI/pythia-160m-deduped,step32,32,2,2026-06-07T12:30:57+0000,300,200,900,-0.3804685640335083,0.195,10.897391800880431,-0.3732084226608276,0.2,-0.2035262751579284,0.455,4.832006204128265,0.1769422888755798,0.26,600,0.8018124103546143,-0.5413239431381226,0.31,8.1059911942482,-0.9090838607706868,0.4423076923076922,500,7.2025251388549805,0.0,85.68,-135.24613804340362,0.32,-0.5340028607845306,32
e3_factual_cell_v3,EleutherAI/pythia-160m-deduped,step64,64,0,2026-06-07T12:33:37+0000,300,200,900,-0.5013915824890137,0.15,10.6702561044693,-0.4729869270324707,0.2,-0.1276246130466461,0.47,4.278541642427444,0.3737669694423676,0.3199999999999999,600,0.7966897487640381,-0.6334251737594605,0.305,7.828941252231598,-0.3532510951072831,0.484375,500,7.116213798522949,0.0,83.38,-142.47524359941482,0.31,-0.5818885207176209,64
e3_factual_cell_v3,EleutherAI/pythia-160m-deduped,step64,64,1,2026-06-07T12:36:13+0000,300,200,900,-0.4076833438873291,0.255,10.61932511806488,-0.4175633764266968,0.19,-0.2672771275043487,0.48,4.5651427745819095,0.1404062163829803,0.2249999999999999,600,0.9091871380805968,-0.6514064478874206,0.29,7.888766803741455,-1.735842687586552,0.1555555555555554,500,7.12321662902832,0.0,98.93,-114.1281233906746,0.365,-0.5009931051731109,64
e3_factual_cell_v3,EleutherAI/pythia-160m-deduped,step64,64,2,2026-06-07T12:38:50+0000,300,200,900,-0.4385416412353515,0.24,10.648979244232178,-0.4306031560897827,0.225,-0.0095074903964996,0.515,4.122863962650299,0.4290341508388519,0.275,600,0.8039802312850952,-0.4670776414871216,0.315,7.8092915225029,-0.0665121883560461,0.2727272727272727,500,7.11378812789917,16.0,100.15,-86.76632939577102,0.345,-0.4209931850433349,64
e3_factual_cell_v3,EleutherAI/pythia-160m-deduped,step128,128,0,2026-06-07T12:41:29+0000,300,200,900,-0.8555587816238404,0.21,9.95722785949707,-0.8997256398200989,0.18,-0.0367883694171905,0.505,4.200298399925232,0.8187704122066498,0.295,600,0.7640551328659058,-0.6094874358177185,0.32,7.402818343639374,0.3005376624967926,0.3728813559322034,500,6.745697498321533,0.4000000000000004,95.58,-114.15904520988464,0.33,-0.4824741983413696,128
e3_factual_cell_v3,EleutherAI/pythia-160m-deduped,step128,128,1,2026-06-07T12:44:01+0000,300,200,900,-0.8578199958801269,0.195,9.963700885772704,-0.9007038116455078,0.19,-0.1300856781005859,0.49,4.757079648971557,0.727734317779541,0.295,600,0.870835542678833,-0.5839218568801879,0.3,7.4289484333992,0.3763710633238453,0.3559322033898304,500,6.751956939697266,0.0,100.71,-97.88965963363648,0.37,-0.4620172476768494,128
e3_factual_cell_v3,EleutherAI/pythia-160m-deduped,step128,128,2,2026-06-07T12:46:33+0000,300,200,900,-0.7953463125228882,0.2,9.899805040359498,-0.8809754800796509,0.22,0.1428991436958313,0.545,3.7211675524711607,0.9382454562187196,0.345,600,0.7810133099555969,-0.4826090502738953,0.345,7.289375424385071,0.3333213714771127,0.4202898550724636,500,6.749880313873291,33.684210526315795,117.98,-53.25233901858329,0.455,-0.3051555007696152,128
e3_factual_cell_v3,EleutherAI/pythia-160m-deduped,step256,256,0,2026-06-07T12:49:14+0000,300,200,900,-1.247326602935791,0.21,9.113575971126556,-1.2550334787368775,0.195,-0.0986030328273773,0.5,4.297760430574417,1.1487235701084135,0.29,600,0.6735162138938904,-0.6404812073707581,0.34,7.109423546791077,0.5282780046967787,0.4482758620689656,500,6.024511337280273,0.0,88.11000000000001,-130.28238570928573,0.315,-0.5765704798698426,256
e3_factual_cell_v3,EleutherAI/pythia-160m-deduped,step256,256,1,2026-06-07T12:51:48+0000,300,200,900,-1.1849677181243896,0.22,9.143878600597382,-1.340010139942169,0.195,-0.1212409722805023,0.45,4.653891315460205,1.0637267458438873,0.23,600,0.7831819653511047,-0.5345142412185669,0.33,7.023348484039307,0.6114854961081173,0.4782608695652174,500,6.0419111251831055,0.0,109.42,-77.66275188446046,0.385,-0.3317632043361664,256
e3_factual_cell_v3,EleutherAI/pythia-160m-deduped,step256,256,2,2026-06-07T12:54:19+0000,300,200,900,-1.1082754421234131,0.24,8.986041538715362,-1.3454573273658752,0.245,0.130855495929718,0.565,3.9393921375274656,1.239130938053131,0.3249999999999999,600,0.701029896736145,-0.5286447358131409,0.36,6.875751399993897,0.467771958967438,0.3692307692307692,500,6.035022258758545,31.27272727272728,116.06,-48.423738006353375,0.45,-0.2437542468309402,256
e3_factual_cell_v3,EleutherAI/pythia-160m-deduped,step512,512,0,2026-06-07T12:56:54+0000,300,200,900,-1.3444416809082032,0.2,8.296433081626892,-1.3816769623756409,0.18,0.2618079686164856,0.63,3.2688503849506376,1.6062496495246887,0.43,600,0.6007381081581116,-0.4858090114593505,0.37,5.993778784275055,0.5345574205746496,0.3953488372093023,500,5.005146026611328,41.99999999999999,113.45000000000002,-39.35169103741646,0.385,-0.2500815933942795,512
e3_factual_cell_v3,EleutherAI/pythia-160m-deduped,step512,512,1,2026-06-07T12:59:22+0000,300,200,900,-1.3309267902374269,0.185,8.246389937400817,-1.3963733315467834,0.22,0.2519332718849182,0.545,3.4719220566749573,1.5828600621223448,0.36,600,0.6770102381706238,-0.3977488744258881,0.37,5.858493913412094,0.5895517475880379,0.5138888888888888,500,4.999613761901856,40.0,121.52,-21.91934195756912,0.45,-0.1746590581536293,512
e3_factual_cell_v3,EleutherAI/pythia-160m-deduped,step512,512,2,2026-06-07T13:01:58+0000,300,200,900,-1.2235776376724243,0.205,8.143995513916016,-1.4674924945831298,0.24,0.3911415511369705,0.67,3.217403925061226,1.6147191888093948,0.4650000000000001,600,0.6433991193771362,-0.3268019151687622,0.42,5.950986015796661,0.5553756521373201,0.4623655913978494,500,4.995763778686523,61.71428571428571,128.5,-18.92802072644234,0.46,-0.2279571425914764,512
e3_factual_cell_v3,EleutherAI/pythia-160m-deduped,step1000,1000,0,2026-06-07T13:04:48+0000,300,200,900,-1.585006830692291,0.205,8.890515322685241,-1.5356271600723266,0.22,-0.261240649819374,0.425,3.939181360006332,1.3237661808729173,0.22,600,0.5558477640151978,-0.6628576922416687,0.35,6.168759253025055,0.6966102864499375,0.6590909090909091,500,4.158998489379883,0.0,98.47,-107.0944083470106,0.31,-0.5130190390348435,1000
e3_factual_cell_v3,EleutherAI/pythia-160m-deduped,step1000,1000,1,2026-06-07T13:07:23+0000,300,200,900,-1.4352746176719666,0.235,8.818190577030181,-1.5787974643707274,0.205,-0.3830263042449951,0.355,4.284429061412811,1.0522483134269716,0.12,600,0.6788687705993652,-0.5657924604415894,0.36,6.084685201644898,0.8263089102976465,1.0416666666666667,500,4.157867908477783,0.0,85.76,-154.62209555625915,0.345,-0.7122186535596847,1000
e3_factual_cell_v3,EleutherAI/pythia-160m-deduped,step1000,1000,2,2026-06-07T13:09:57+0000,300,200,900,-1.3767845559120178,0.2,8.734133825302123,-1.4750186014175417,0.275,-0.3406428861618042,0.465,4.090031650066376,1.0361416697502135,0.265,600,0.5957585573196411,-0.5754323542118073,0.385,6.2810373985767365,0.7734002261422374,0.6981132075471698,500,4.155392646789551,0.0,98.3,-134.47741245269776,0.335,-0.6592869436740876,1000
e3_factual_cell_v3,EleutherAI/pythia-160m-deduped,step2000,2000,0,2026-06-07T13:12:29+0000,300,200,900,-1.4367871952056883,0.23,8.531804971694946,-1.401017632484436,0.225,-0.1940258520841598,0.48,3.850596158504486,1.2427613431215287,0.2499999999999999,600,0.5502492785453796,-0.6259344184398651,0.375,5.992745039463043,0.6524605719784854,0.5800000000000001,500,3.712522506713867,0.0,85.47999999999999,-138.35542888641356,0.285,-0.6246029090881348,2000
e3_factual_cell_v3,EleutherAI/pythia-160m-deduped,step2000,2000,1,2026-06-07T13:15:03+0000,300,200,900,-1.3860996270179748,0.235,8.543638904094696,-1.4458593583106996,0.24,0.0649433362483978,0.505,3.4757704854011537,1.4510429632663726,0.27,600,0.6307099461555481,-0.4922710144519805,0.375,5.792922714948654,0.6159904532074915,0.5185185185185185,500,3.717885732650757,1.3333333333333333,99.64,-77.32264615535736,0.385,-0.4671113574504852,2000
e3_factual_cell_v3,EleutherAI/pythia-160m-deduped,step2000,2000,2,2026-06-07T13:17:37+0000,300,200,900,-1.388824050426483,0.235,8.464831187725068,-1.480429558753967,0.26,0.0599873220920562,0.52,3.587841767072677,1.4488113725185394,0.285,600,0.5701467990875244,-0.3172419196367264,0.44,5.937926228642464,0.7396284644887714,0.7192982456140351,500,3.7130613327026367,28.80000000000001,113.16,-78.0887112647295,0.405,-0.4482958048582077,2000
e3_factual_cell_v3,EleutherAI/pythia-160m-deduped,step3000,3000,0,2026-06-07T13:20:18+0000,300,200,900,-1.311101815700531,0.27,8.420237629413604,-1.2867673659324643,0.24,0.0415817726403474,0.535,3.457243357822299,1.3526835883408783,0.265,600,0.5271644592285156,-0.4204469341039658,0.405,5.4866297990083694,0.6584354902161484,0.5094339622641509,500,3.551719903945923,19.200000000000003,105.62,-98.895159791857,0.35,-0.495803729891777,3000
e3_factual_cell_v3,EleutherAI/pythia-160m-deduped,step3000,3000,1,2026-06-07T13:22:52+0000,300,200,900,-1.2454101586341857,0.32,8.437689323425293,-1.25502982378006,0.285,0.4561134657263755,0.61,3.0894175443053244,1.7015236243605614,0.29,600,0.6116841435432434,-0.2866663730144501,0.45,5.406856505870819,0.5634619301745134,0.4482758620689656,500,3.5541205406188965,50.66666666666665,117.85,-38.482944997549055,0.395,-0.3780392491817474,3000
e3_factual_cell_v3,EleutherAI/pythia-160m-deduped,step3000,3000,2,2026-06-07T13:25:28+0000,300,200,900,-1.2175197750329971,0.27,8.338563328385353,-1.2728115820884705,0.325,0.2168049097806215,0.535,3.358208885714412,1.4343246848136186,0.265,600,0.5723536610603333,-0.2517423319816589,0.43,5.569965077638626,0.6733325120015171,0.6037735849056602,500,3.552973747253418,30.40000000000001,108.85,-66.37000778384507,0.375,-0.4585799795389175,3000
e3_factual_cell_v3,EleutherAI/pythia-160m-deduped,step4000,4000,0,2026-06-07T13:28:03+0000,300,200,900,-1.2578893184661866,0.26,8.144607529640197,-1.2263305401802065,0.29,0.255804129242897,0.605,3.339406508803368,1.5136934477090835,0.345,600,0.5152453780174255,-0.4221360635757446,0.44,5.40948158621788,0.5521284749929533,0.5217391304347826,500,3.46516227722168,70.85714285714286,118.87,-57.275877498984336,0.365,-0.4522195810079574,4000
e3_factual_cell_v3,EleutherAI/pythia-160m-deduped,step4000,4000,1,2026-06-07T13:30:36+0000,300,200,900,-1.326480116844177,0.255,8.145939104557037,-1.3049525141716003,0.305,0.8291414272785187,0.73,2.730496705174446,2.155621544122696,0.475,600,0.6308857798576355,-0.0987629902362823,0.49,5.0906050229072575,0.5695420561903674,0.4947368421052631,500,3.468618869781494,222.60869565217388,146.45999999999998,43.37580760180951,0.48,-0.1459267282485962,4000
e3_factual_cell_v3,EleutherAI/pythia-160m-deduped,step4000,4000,2,2026-06-07T13:33:08+0000,300,200,900,-1.2128291553258896,0.26,8.039054722189903,-1.2586331129074098,0.315,0.4098935433477163,0.595,3.1273770705610517,1.622722698673606,0.3349999999999999,600,0.5607277154922485,-0.1952091267704963,0.415,5.282021329700947,0.6271065471550892,0.462686567164179,500,3.471346139907837,59.636363636363626,121.23,-46.94679081641138,0.4,-0.4359977295994758,4000
e3_factual_cell_v3,EleutherAI/pythia-160m-deduped,step5000,5000,0,2026-06-07T13:35:44+0000,300,200,900,-1.2424624013900756,0.27,8.10357134103775,-1.302698187828064,0.31,0.3050724428892135,0.59,3.132397093772888,1.5475348442792891,0.3199999999999999,600,0.5053911805152893,-0.5574641835689544,0.39,5.489510326385498,0.4426383162571925,0.375,500,3.404716730117798,64.0,116.29,-50.11635741055011,0.35,-0.4412166196107864,5000
e3_factual_cell_v3,EleutherAI/pythia-160m-deduped,step5000,5000,1,2026-06-07T13:38:16+0000,300,200,900,-1.3040907156467438,0.305,8.152778754234314,-1.3622767853736877,0.265,0.5142524546384811,0.64,3.022284586429596,1.818343170285225,0.335,600,0.6085547208786011,-0.2983535343408585,0.44,5.369599344134331,0.5531063650367634,0.4029850746268656,500,3.405982732772827,86.58823529411767,128.06,-11.145160969495771,0.425,-0.3199148058891296,5000
e3_factual_cell_v3,EleutherAI/pythia-160m-deduped,step5000,5000,2,2026-06-07T13:40:51+0000,300,200,900,-1.2646887522935868,0.23,8.065231636166573,-1.2130240988731384,0.335,0.4634617930650711,0.595,3.3208458584547045,1.728150545358658,0.365,600,0.5884612798690796,-0.2634505355358124,0.42,5.416686022281647,0.5793697889612845,0.5205479452054794,500,3.4133143424987797,46.17142857142857,113.01,-40.05365019261837,0.38,-0.3988379615545273,5000
e3_factual_cell_v3,EleutherAI/pythia-160m-deduped,step6000,6000,0,2026-06-07T13:43:26+0000,300,200,900,-1.3427902352809906,0.24,8.233252139091492,-1.3539270162582395,0.27,0.5325621208548545,0.655,3.075260924398899,1.8753523561358447,0.415,600,0.500653088092804,-0.523275797367096,0.37,5.458746452331543,0.4369922458745301,0.3132530120481928,500,3.369213819503784,82.2857142857143,124.61,-22.72010244905949,0.405,-0.3560506612062454,6000
e3_factual_cell_v3,EleutherAI/pythia-160m-deduped,step6000,6000,1,2026-06-07T13:45:58+0000,300,200,900,-1.3761886692047118,0.29,8.203558971881867,-1.4752822566032409,0.26,0.6727955102920532,0.68,2.891495044231415,2.048984179496765,0.39,600,0.6396723389625549,-0.2989235138893127,0.42,5.330665551424026,0.5257557213447972,0.3333333333333332,500,3.36951208114624,86.58823529411767,128.37,10.250039818882945,0.425,-0.2331618738174438,6000
e3_factual_cell_v3,EleutherAI/pythia-160m-deduped,step6000,6000,2,2026-06-07T13:48:31+0000,300,200,900,-1.267305069565773,0.215,8.04112753689289,-1.3348831009864808,0.28,0.581208197325468,0.68,3.135551629215479,1.8485132668912407,0.4650000000000001,600,0.5656746029853821,-0.2246461236476898,0.46,5.344245158433914,0.5640527252864066,0.5268817204301075,500,3.373286247253418,50.10526315789474,117.93,-41.03729361444712,0.405,-0.3761349391937256,6000
e3_factual_cell_v3,EleutherAI/pythia-160m-deduped,step7000,7000,0,2026-06-07T13:51:07+0000,300,200,900,-1.3719564986228945,0.245,8.198056900501252,-1.2585961031913755,0.285,0.2634807442128658,0.59,3.1279883147776126,1.63543724283576,0.345,600,0.4899445176124573,-0.5472310018539429,0.395,5.43540629029274,0.504284404908697,0.4347826086956523,500,3.3450846672058105,120.47058823529414,128.38,-39.95693575054408,0.44,-0.3366344636678696,7000
e3_factual_cell_v3,EleutherAI/pythia-160m-deduped,step7000,7000,1,2026-06-07T13:53:42+0000,300,200,900,-1.4177503764629364,0.28,8.121792938709259,-1.435147272348404,0.26,0.5383565965294838,0.64,2.902625149786472,1.95610697299242,0.36,600,0.6561170816421509,-0.1906163275241851,0.46,5.122780728340149,0.62733483693967,0.5,500,3.34395694732666,55.65217391304347,120.25,-22.934814313054083,0.4,-0.4137427806854248,7000
e3_factual_cell_v3,EleutherAI/pythia-160m-deduped,step7000,7000,2,2026-06-07T13:56:18+0000,300,200,900,-1.2463553947210313,0.25,7.959141239523888,-1.2790614068508148,0.29,0.3176656872406602,0.58,3.2902892583236096,1.5640210819616915,0.3299999999999999,600,0.5811184644699097,-0.318531494140625,0.435,5.3992946600914005,0.5932297916449262,0.5606060606060607,500,3.346211194992065,38.85714285714287,113.62000000000002,-78.0566441591084,0.395,-0.4977593955397605,7000
e3_factual_cell_v3,EleutherAI/pythia-160m-deduped,step8000,8000,0,2026-06-07T13:58:56+0000,300,200,900,-1.2751419377326965,0.28,8.03903291940689,-1.277317831516266,0.29,0.9790926113724708,0.745,2.7130109241604803,2.2542345491051674,0.4649999999999999,600,0.4924144744873047,-0.2962228775024414,0.475,5.182254296541214,0.4342578551193101,0.4193548387096773,500,3.324736356735229,109.17647058823532,132.42000000000002,3.2441561189293893,0.435,-0.2971194148063659,8000
e3_factual_cell_v3,EleutherAI/pythia-160m-deduped,step8000,8000,1,2026-06-07T14:01:31+0000,300,200,900,-1.3309497690200809,0.28,8.031489671468735,-1.3678430032730102,0.27,1.059768551439047,0.755,2.649917127639055,2.390718320459128,0.475,600,0.6277278661727905,-0.1996391952037811,0.405,5.172068461179733,0.4732094802364823,0.2631578947368421,500,3.327270984649658,201.14285714285708,143.45999999999998,44.01861130237579,0.47,-0.1972634208202362,8000
e3_factual_cell_v3,EleutherAI/pythia-160m-deduped,step8000,8000,2,2026-06-07T14:04:05+0000,300,200,900,-1.2870575630664824,0.23,7.92994726061821,-1.2817229425907135,0.305,0.8230549053661526,0.725,2.924786896873265,2.110112468432635,0.495,600,0.5792028903961182,-0.2940650700032711,0.44,5.32426380738616,0.4705874724302225,0.4242424242424242,500,3.331601619720459,60.30769230769231,127.21,-27.62000571046024,0.43,-0.3381304404139518,8000
e3_factual_cell_v3,EleutherAI/pythia-160m-deduped,step9000,9000,0,2026-06-07T14:06:42+0000,300,200,900,-1.348885591030121,0.26,7.861004092693329,-1.2824147820472718,0.265,0.670950063765049,0.695,2.7489731833338737,2.0198356547951697,0.4349999999999999,600,0.4934646189212799,-0.4655353963375092,0.435,5.213002799749375,0.4373376579403891,0.4022988505747126,500,3.322816610336304,58.85714285714285,122.62,-33.50495112478733,0.405,-0.3776033037900925,9000
e3_factual_cell_v3,EleutherAI/pythia-160m-deduped,step9000,9000,1,2026-06-07T14:09:17+0000,300,200,900,-1.3461650705337525,0.28,7.845947937965393,-1.4384848177433014,0.245,0.9777398250997068,0.75,2.650314437896013,2.323904895633459,0.47,600,0.6293707489967346,-0.172129111289978,0.44,5.091684548854828,0.5051996583206779,0.3404255319148936,500,3.3195786476135254,107.63636363636364,131.41,8.323223954439161,0.415,-0.3392987626791,9000
e3_factual_cell_v3,EleutherAI/pythia-160m-deduped,step9000,9000,2,2026-06-07T14:11:50+0000,300,200,900,-1.3129687798023224,0.225,7.755130900144577,-1.2099350273609162,0.32,0.6971593995019794,0.665,2.92435853946954,2.010128179304302,0.44,600,0.5699816346168518,-0.3005841282010078,0.44,5.254612284004688,0.5036418383785343,0.4886363636363636,500,3.3202168941497803,55.77142857142857,124.12,-24.47756148848683,0.435,-0.2560821950435638,9000
e3_factual_cell_v3,EleutherAI/pythia-160m-deduped,step10000,10000,0,2026-06-07T14:14:29+0000,300,200,900,-1.2271140038967132,0.31,7.879560151100159,-1.2375153946876525,0.29,0.965702932626009,0.735,2.664382411688566,2.192816936522722,0.425,600,0.4937625527381897,-0.3259410560131073,0.465,5.212298972606659,0.410965882684511,0.3647058823529412,500,3.2722280025482178,78.76923076923077,125.69,-16.587109581530097,0.38,-0.3940838158130645,10000
e3_factual_cell_v3,EleutherAI/pythia-160m-deduped,step10000,10000,1,2026-06-07T14:17:06+0000,300,200,900,-1.2921642911434177,0.3,7.9086195302009585,-1.314748078584671,0.295,0.9715618024766444,0.73,2.802931124716997,2.263726093620062,0.43,600,0.6295280456542969,-0.1092548644542694,0.465,5.179199904203415,0.522549715720017,0.3837209302325582,500,3.274057388305664,121.60000000000008,133.72,1.014283027052883,0.465,-0.2621840816736221,10000
e3_factual_cell_v3,EleutherAI/pythia-160m-deduped,step10000,10000,2,2026-06-07T14:19:44+0000,300,200,900,-1.334920064508915,0.245,7.814181442558765,-1.2035044360160827,0.31,0.6065329448506236,0.655,3.0041982908919453,1.9414530093595384,0.41,600,0.5691816210746765,-0.2493335643410682,0.44,5.2096216586232185,0.5591618725430642,0.4756097560975609,500,3.2755422592163086,55.52941176470587,126.32999999999998,-29.730559179633858,0.465,-0.282646419107914,10000
e3_factual_cell_v3,EleutherAI/pythia-160m-deduped,step13000,13000,0,2026-06-07T14:22:20+0000,300,200,900,-1.253135404586792,0.285,8.003404690027237,-1.3192535495758058,0.26,0.9946055960655212,0.73,2.745351458787918,2.2477410006523133,0.445,600,0.4911499619483948,-0.3811406171321869,0.425,5.400851349830628,0.3879427332604356,0.3146067415730337,500,3.249165773391724,61.6,131.28,-6.554258165955545,0.465,-0.2161718240380287,13000
e3_factual_cell_v3,EleutherAI/pythia-160m-deduped,step13000,13000,1,2026-06-07T14:24:54+0000,300,200,900,-1.3079457557201386,0.295,7.912543799877167,-1.4489972138404843,0.25,0.8973084339499473,0.75,2.8346374985575675,2.205254189670086,0.455,600,0.6446582078933716,-0.2112694799900055,0.455,5.330912400484085,0.4973015269020756,0.3516483516483517,500,3.2489380836486816,62.85714285714285,130.61,10.9168164896965,0.445,-0.2321453309059143,13000
e3_factual_cell_v3,EleutherAI/pythia-160m-deduped,step13000,13000,2,2026-06-07T14:27:26+0000,300,200,900,-1.250945643186569,0.23,7.836302260160446,-1.2507331323623658,0.285,0.7295860447734595,0.665,3.073222670331597,1.9805316879600288,0.435,600,0.5808802843093872,-0.3688920530676842,0.41,5.515109828412533,0.4453620184322376,0.4137931034482757,500,3.249014377593994,64.0,127.33,-22.58661708764732,0.44,-0.2954284325242042,13000
e3_factual_cell_v3,EleutherAI/pythia-160m-deduped,step16000,16000,0,2026-06-07T14:30:05+0000,300,200,900,-1.2756629657745362,0.275,7.900898969173431,-1.306757869720459,0.275,0.6524280941486359,0.67,2.9542565619945527,1.928091059923172,0.395,600,0.5045647621154785,-0.491450709104538,0.445,5.43188677072525,0.4067298858287567,0.430379746835443,500,3.2190582752227783,45.05263157894737,109.67,-64.97091873586179,0.35,-0.4673017606139183,16000
e3_factual_cell_v3,EleutherAI/pythia-160m-deduped,step16000,16000,1,2026-06-07T14:32:39+0000,300,200,900,-1.2866046476364137,0.305,7.778443621397018,-1.4544293093681335,0.26,1.0169335743784904,0.76,2.6832514551281927,2.303538222014904,0.455,600,0.6312286257743835,-0.2694860422611236,0.465,5.168241076469421,0.4415462246967261,0.3516483516483517,500,3.2175540924072266,149.33333333333337,136.70999999999998,14.615804816186426,0.45,-0.2787894597649574,16000
e3_factual_cell_v3,EleutherAI/pythia-160m-deduped,step16000,16000,2,2026-06-07T14:35:13+0000,300,200,900,-1.3161513048410416,0.2,7.755830982327462,-1.2794422793388367,0.3,0.6597640283592046,0.66,2.970054607819766,1.975915333200246,0.46,600,0.5608015060424805,-0.4732256612181663,0.385,5.425987732112407,0.426600082230067,0.4021739130434782,500,3.219099521636963,58.94736842105263,123.18999999999998,-34.727377012781794,0.42,-0.3018431505560875,16000
e3_factual_cell_v3,EleutherAI/pythia-160m-deduped,step23000,23000,0,2026-06-07T14:37:55+0000,300,200,900,-1.3756039679050445,0.29,8.032431645393372,-1.340202202796936,0.27,1.189343872219324,0.79,2.406957093924284,2.5649478401243684,0.5,600,0.513431191444397,-0.4391347324848175,0.455,5.4148523187637325,0.365102642935156,0.33,500,3.18893837928772,58.46153846153845,127.44,-40.108952152431016,0.43,-0.487028015255928,23000
e3_factual_cell_v3,EleutherAI/pythia-160m-deduped,step23000,23000,1,2026-06-07T14:40:31+0000,300,200,900,-1.199396755695343,0.275,7.8828553557395935,-1.4452200400829316,0.235,1.0581218196451665,0.79,2.548173405975104,2.2575185753405096,0.515,600,0.6337839365005493,-0.1922151792049408,0.455,5.245841637849808,0.4461454215669013,0.3495145631067961,500,3.1886610984802246,97.39130434782612,130.05,-1.1673986110091192,0.405,-0.3406360924243927,23000
e3_factual_cell_v3,EleutherAI/pythia-160m-deduped,step23000,23000,2,2026-06-07T14:43:08+0000,300,200,900,-1.1868568354845046,0.245,7.755209878087044,-1.3231328010559082,0.25,0.9485786504298448,0.725,2.9342834173887966,2.1354354859143494,0.48,600,0.5696736574172974,-0.3283116221427917,0.41,5.382557048797607,0.4020468981642409,0.3437499999999999,500,3.187527894973755,151.27272727272725,135.28,7.018511376678937,0.47,-0.2789119198918343,23000
e3_factual_cell_v3,EleutherAI/pythia-160m-deduped,step32000,32000,0,2026-06-07T14:45:47+0000,300,200,900,-1.3620288038253785,0.245,8.01851318359375,-1.402652564048767,0.27,0.7329057140648365,0.72,2.7880631797015667,2.094934517890215,0.475,600,0.5015048980712891,-0.5801663029193879,0.41,5.545897763967514,0.3732157230830277,0.3473684210526315,500,3.187288761138916,53.56521739130435,121.32,-54.28562202066183,0.415,-0.4336666226387023,32000
e3_factual_cell_v3,EleutherAI/pythia-160m-deduped,step32000,32000,1,2026-06-07T14:48:24+0000,300,200,900,-1.3951078295707702,0.215,7.944149739742279,-1.4599721097946168,0.24,0.8425928138196468,0.73,2.6796701468527315,2.2377006433904167,0.515,600,0.6279478073120117,-0.3857776433229446,0.41,5.396091859936714,0.451056842312274,0.378640776699029,500,3.181741237640381,64.0,122.39,-29.506327982544903,0.37,-0.4333024048805237,32000
e3_factual_cell_v3,EleutherAI/pythia-160m-deduped,step32000,32000,2,2026-06-07T14:50:58+0000,300,200,900,-1.2665602442622186,0.25,7.827432193458081,-1.3619926428794862,0.235,1.0177630144078285,0.745,2.780823663501069,2.284323258670047,0.495,600,0.5513513684272766,-0.403818624317646,0.415,5.468098870813846,0.3776793046562369,0.3333333333333333,500,3.1816563606262207,136.00000000000003,134.65,4.311016800049689,0.425,-0.3353606104850769,32000
e3_factual_cell_v3,EleutherAI/pythia-160m-deduped,step44000,44000,0,2026-06-07T14:53:42+0000,300,200,900,-1.3185651779174803,0.245,8.065468573570252,-1.2628627061843871,0.26,1.3090855892002582,0.81,2.473492010682821,2.6276507671177387,0.5650000000000001,600,0.5416712164878845,-0.4919959127902985,0.4,5.659982067346573,0.3145658759036092,0.2743362831858407,500,3.153035879135132,97.39130434782612,132.48000000000002,-4.700795597434045,0.405,-0.3605609795451164,44000
e3_factual_cell_v3,EleutherAI/pythia-160m-deduped,step44000,44000,1,2026-06-07T14:57:21+0000,300,200,900,-1.4091423392295837,0.25,8.06574508190155,-1.428669067621231,0.24,1.3804879501461982,0.805,2.450554606616497,2.789630289375782,0.555,600,0.6474994421005249,-0.3419497549533844,0.445,5.527189633846283,0.3825569962946589,0.3513513513513513,500,3.1484766006469727,102.40000000000003,135.65,-1.038402391821144,0.46,-0.3837531521916389,44000
e3_factual_cell_v3,EleutherAI/pythia-160m-deduped,step44000,44000,2,2026-06-07T14:59:55+0000,300,200,900,-1.2773063346743585,0.265,7.851658800542355,-1.22519402384758,0.295,1.3350225906074047,0.79,2.6430745877325537,2.612328925281763,0.525,600,0.5620518922805786,-0.3019984200596809,0.425,5.43612409979105,0.3733480516851383,0.3047619047619047,500,3.156116247177124,100.57142857142858,131.43,4.730725082457063,0.415,-0.3460672888159752,44000
e3_factual_cell_v3,EleutherAI/pythia-160m-deduped,step64000,64000,0,2026-06-07T15:02:36+0000,300,200,900,-1.48459965467453,0.255,8.182172334194183,-1.2618793165683746,0.26,2.059656341439113,0.905,1.9563132687751204,3.544255996113643,0.65,600,0.5953331589698792,-0.3361995077133178,0.48,5.302633130550385,0.3240172685665085,0.3461538461538461,500,3.147876977920532,152.6153846153846,141.26999999999998,37.27546110292897,0.395,-0.4307941311597824,64000
e3_factual_cell_v3,EleutherAI/pythia-160m-deduped,step64000,64000,1,2026-06-07T15:05:12+0000,300,200,900,-1.4289630842208862,0.26,8.121326422691345,-1.444124401807785,0.24,1.7116705967485906,0.835,2.212602504938841,3.1406336809694766,0.575,600,0.6393086910247803,-0.2458178162574768,0.47,5.130261427164077,0.3767218300983725,0.3652173913043477,500,3.1456544399261475,118.85714285714286,138.84,35.08927491553129,0.475,-0.2432846245169639,64000
e3_factual_cell_v3,EleutherAI/pythia-160m-deduped,step64000,64000,2,2026-06-07T15:07:46+0000,300,200,900,-1.2658838278055191,0.275,7.937802212834359,-1.3225087594985965,0.29,1.4171379085630178,0.83,2.323864807263017,2.683021736368537,0.5549999999999999,600,0.5661630034446716,-0.2972182494401931,0.475,5.364046478867531,0.3610353077781667,0.3603603603603603,500,3.1457836627960205,128.00000000000006,137.11,19.003733677119016,0.45,-0.2641307052969932,64000
e3_factual_cell_v3,EleutherAI/pythia-160m-deduped,step89000,89000,0,2026-06-07T15:11:39+0000,300,200,900,-1.3513960671424865,0.235,8.033266673088074,-1.2687499499320984,0.28,2.707572041992098,0.97,1.1587612221203745,4.058968109134584,0.735,600,0.5217332243919373,-0.1548729264736175,0.5,5.230997927188874,0.2947850558313405,0.3605442176870748,500,3.130540132522583,155.2,144.89,57.89289516959339,0.395,-0.4080923169851303,89000
e3_factual_cell_v3,EleutherAI/pythia-160m-deduped,step89000,89000,1,2026-06-07T15:15:22+0000,300,200,900,-1.311878983974457,0.26,7.943231627941132,-1.3976216316223145,0.215,2.5020976566150783,0.94,1.6530760164186358,3.813976640589535,0.6799999999999999,600,0.6625308394432068,-0.0495463454723358,0.525,5.005296732187271,0.3309754509421954,0.3897058823529412,500,3.126377820968628,62.90909090909091,140.82,40.3083949162066,0.465,-0.3307911360263824,89000
e3_factual_cell_v3,EleutherAI/pythia-160m-deduped,step89000,89000,2,2026-06-07T15:19:24+0000,300,200,900,-1.235287566781044,0.235,7.769347022175789,-1.2499368619918825,0.29,2.362499221516773,0.89,1.8807042301166803,3.597786788297817,0.655,600,0.6060864329338074,-0.1376125305891037,0.51,5.207349236607552,0.3050973003075793,0.4198473282442748,500,3.1373419761657715,131.20000000000005,139.18,33.270086778234685,0.435,-0.2483602094650268,89000
e3_factual_cell_v3,EleutherAI/pythia-160m-deduped,step100000,100000,0,2026-06-07T15:23:24+0000,300,200,900,-1.307212483882904,0.245,7.944558866024018,-1.277383224964142,0.285,3.0042836646875366,0.965,1.267390402094461,4.31149614857044,0.72,600,0.5318519473075867,-0.2876694345474243,0.495,5.314697842597962,0.2364708245590173,0.3472222222222222,500,3.148630142211914,119.741935483871,139.07,39.49424473102204,0.39,-0.4142786905169487,100000
e3_factual_cell_v3,EleutherAI/pythia-160m-deduped,step100000,100000,1,2026-06-07T15:26:51+0000,300,200,900,-1.3257199478149415,0.25,7.888929018974304,-1.3589102554321288,0.225,1.9560935335978864,0.85,2.053228514231741,3.2818134814128284,0.6,600,0.691912829875946,-0.1687798142433166,0.485,5.241331723928451,0.352530739520748,0.3916666666666666,500,3.149637460708618,103.7241379310345,133.57,19.74980573169887,0.385,-0.4733957353234291,100000
e3_factual_cell_v3,EleutherAI/pythia-160m-deduped,step100000,100000,2,2026-06-07T15:29:25+0000,300,200,900,-1.2753443253040313,0.245,7.771021667718887,-1.2015268039703368,0.305,1.62561300996691,0.805,2.194015604220331,2.900957335270941,0.56,600,0.5844612717628479,-0.2537933564186096,0.44,5.360490466356278,0.3521427069833178,0.3482142857142857,500,3.159374952316284,89.60000000000002,132.32999999999998,-8.931132627651102,0.435,-0.3881141912937164,100000
e3_factual_cell_v3,EleutherAI/pythia-160m-deduped,step110000,110000,0,2026-06-07T15:32:06+0000,300,200,900,-1.1026337778568267,0.27,7.794710350036621,-1.1434929037094117,0.27,2.9785370217339366,0.95,1.3819725857599403,4.081170799590764,0.6799999999999999,600,0.6245396137237549,-0.3848631131649017,0.45,5.665897504091263,0.1758737136813531,0.2647058823529412,500,3.264800310134888,102.40000000000003,130.56,23.47228839168908,0.34,-0.5297764551639557,110000
e3_factual_cell_v3,EleutherAI/pythia-160m-deduped,step110000,110000,1,2026-06-07T15:34:40+0000,300,200,900,-1.1546070075035095,0.3,7.820217576026916,-1.212741620540619,0.245,1.943671006639488,0.88,1.7668212579889222,3.098278014142997,0.5800000000000001,600,0.6948544979095459,-0.2755584466457367,0.475,5.3919159543514255,0.2837216533974995,0.3017241379310344,500,3.261606216430664,56.85106382978724,121.0,-40.63556007630192,0.37,-0.6614309757947922,110000
e3_factual_cell_v3,EleutherAI/pythia-160m-deduped,step110000,110000,2,2026-06-07T15:37:15+0000,300,200,900,-1.1075813049077987,0.255,7.682878186106682,-1.1022761642932892,0.34,2.358141919802874,0.86,1.886691982317716,3.465723224710673,0.605,600,0.6082138419151306,-0.2025770038366317,0.465,5.638901810050011,0.261129998673428,0.347107438016529,500,3.257227659225464,198.4,142.38,26.851081715486945,0.485,-0.2599736407399177,110000
e3_factual_cell_v3,EleutherAI/pythia-160m-deduped,step128000,128000,0,2026-06-07T15:39:53+0000,300,200,900,-1.1785365009307862,0.275,7.921638510227203,-1.1265154457092286,0.305,5.076907116259754,0.965,1.130099593762934,6.25544361719054,0.69,600,0.5826296806335449,-0.260584636926651,0.51,5.818314369916916,0.1467444869108113,0.3405797101449275,500,3.3778305053710938,130.7826086956522,140.58,79.94088246549961,0.425,-0.4480790147185325,128000
e3_factual_cell_v3,EleutherAI/pythia-160m-deduped,step128000,128000,1,2026-06-07T15:42:25+0000,300,200,900,-1.1289919996261597,0.275,7.831357610225678,-1.219543652534485,0.25,4.524852855419158,0.985,0.9138003317365656,5.6538448550453175,0.71,600,0.7248480319976807,0.4221560215950012,0.615,5.107104736566543,0.274352774260681,0.4788732394366197,500,3.4037930965423584,153.59999999999997,145.98,89.9697280283633,0.42,-0.3713094216585159,128000
e3_factual_cell_v3,EleutherAI/pythia-160m-deduped,step128000,128000,2,2026-06-07T15:44:57+0000,300,200,900,-1.1216746109724045,0.265,7.7995228999853135,-1.1118021559715272,0.315,3.4604201844870115,0.945,1.4991406878293492,4.582094795459416,0.6799999999999999,600,0.6558554172515869,-0.1201453226804733,0.435,5.772137079834938,0.2185745457043767,0.25,500,3.373907327651977,139.42857142857144,141.13,29.618552463627424,0.415,-0.436799002289772,128000
e3_factual_cell_v3,EleutherAI/pythia-160m-deduped,step143000,143000,0,2026-06-07T15:47:33+0000,300,200,900,-1.2561064064502716,0.24,7.906258521080017,-1.1961906123161317,0.265,5.581912232658797,0.99,0.5729244804168411,6.838018639109069,0.75,600,0.6318279504776001,0.2587927767634392,0.58,5.349186412394047,0.2215406630437451,0.4533333333333333,500,3.3360817432403564,194.06451612903223,151.07999999999998,71.06201461770893,0.45,-0.4810220235586166,143000
e3_factual_cell_v3,EleutherAI/pythia-160m-deduped,step143000,143000,1,2026-06-07T15:50:08+0000,300,200,900,-1.261992826461792,0.275,7.8798950576782225,-1.3799341464042665,0.215,5.263684836773027,0.985,0.6343333344740677,6.525677663234819,0.71,600,0.798698902130127,0.1392030924558639,0.54,5.354083748459816,0.2147203694739458,0.3732394366197183,500,3.3196468353271484,184.5581395348837,154.12,88.4610313186195,0.42,-0.5550076195597649,143000
e3_factual_cell_v3,EleutherAI/pythia-160m-deduped,step143000,143000,2,2026-06-07T15:52:42+0000,300,200,900,-1.242426456809044,0.245,7.825382787585259,-1.3006974720954896,0.295,3.645831446433877,0.93,1.65170945904174,4.88825790324292,0.685,600,0.6124632954597473,0.1260519021749496,0.575,5.837378944754601,0.2799521600683408,0.4817518248175181,500,3.3129146099090576,94.31578947368423,134.66,9.777988211932524,0.42,-0.4346228083968163,143000
