experiment_id,model,stage,step,seed,signal_type,event,metric,value,timestamp
e3_factual_410m_reduced,EleutherAI/pythia-410m-deduped,step128,128,0,factual_association,base,accuracy,0.225,2026-06-04 14:30:38
e3_factual_410m_reduced,EleutherAI/pythia-410m-deduped,step128,128,0,factual_association,base,mean_margin,-0.6699761819839477,2026-06-04 14:30:38
e3_factual_410m_reduced,EleutherAI/pythia-410m-deduped,step128,128,0,factual_association,base,median_margin,-0.6469516754150391,2026-06-04 14:30:38
e3_factual_410m_reduced,EleutherAI/pythia-410m-deduped,step128,128,0,factual_association,base,mean_gold_logprob,-11.242970860004425,2026-06-04 14:30:38
e3_factual_410m_reduced,EleutherAI/pythia-410m-deduped,step128,128,0,factual_association,base,n_items,400,2026-06-04 14:30:38
e3_factual_410m_reduced,EleutherAI/pythia-410m-deduped,step128,128,0,factual_association,post_injection,accuracy,0.0025,2026-06-04 14:32:01
e3_factual_410m_reduced,EleutherAI/pythia-410m-deduped,step128,128,0,factual_association,post_injection,mean_margin,-4.276116154193878,2026-06-04 14:32:01
e3_factual_410m_reduced,EleutherAI/pythia-410m-deduped,step128,128,0,factual_association,post_injection,median_margin,-4.371294021606445,2026-06-04 14:32:01
e3_factual_410m_reduced,EleutherAI/pythia-410m-deduped,step128,128,0,factual_association,post_injection,mean_gold_logprob,-12.43247895002365,2026-06-04 14:32:01
e3_factual_410m_reduced,EleutherAI/pythia-410m-deduped,step128,128,0,factual_association,post_injection,n_items,400,2026-06-04 14:32:01
e3_factual_410m_reduced,EleutherAI/pythia-410m-deduped,step128,128,0,factual_association,post_continuation,accuracy,0.005,2026-06-04 14:33:17
e3_factual_410m_reduced,EleutherAI/pythia-410m-deduped,step128,128,0,factual_association,post_continuation,mean_margin,-2.0085678124427795,2026-06-04 14:33:17
e3_factual_410m_reduced,EleutherAI/pythia-410m-deduped,step128,128,0,factual_association,post_continuation,median_margin,-2.043656349182129,2026-06-04 14:33:17
e3_factual_410m_reduced,EleutherAI/pythia-410m-deduped,step128,128,0,factual_association,post_continuation,mean_gold_logprob,-12.205436656475067,2026-06-04 14:33:17
e3_factual_410m_reduced,EleutherAI/pythia-410m-deduped,step128,128,0,factual_association,post_continuation,n_items,400,2026-06-04 14:33:17
e3_factual_410m_reduced,EleutherAI/pythia-410m-deduped,step128,128,0,factual_association,post_degradation_k16,accuracy,0.0025,2026-06-04 14:33:57,16,4
e3_factual_410m_reduced,EleutherAI/pythia-410m-deduped,step128,128,0,factual_association,post_degradation_k16,mean_margin,-3.7640531039237977,2026-06-04 14:33:57,16,4
e3_factual_410m_reduced,EleutherAI/pythia-410m-deduped,step128,128,0,factual_association,post_degradation_k16,median_margin,-3.8281517028808594,2026-06-04 14:33:57,16,4
e3_factual_410m_reduced,EleutherAI/pythia-410m-deduped,step128,128,0,factual_association,post_degradation_k16,mean_gold_logprob,-14.120448865890502,2026-06-04 14:33:57,16,4
e3_factual_410m_reduced,EleutherAI/pythia-410m-deduped,step128,128,0,factual_association,post_degradation_k16,n_items,400,2026-06-04 14:33:57,16,4
e3_factual_410m_reduced,EleutherAI/pythia-410m-deduped,step128,128,0,factual_association,post_degradation_k64,accuracy,0.0,2026-06-04 14:34:40,64,16
e3_factual_410m_reduced,EleutherAI/pythia-410m-deduped,step128,128,0,factual_association,post_degradation_k64,mean_margin,-3.391487855911255,2026-06-04 14:34:40,64,16
e3_factual_410m_reduced,EleutherAI/pythia-410m-deduped,step128,128,0,factual_association,post_degradation_k64,median_margin,-3.476170539855957,2026-06-04 14:34:40,64,16
e3_factual_410m_reduced,EleutherAI/pythia-410m-deduped,step128,128,0,factual_association,post_degradation_k64,mean_gold_logprob,-15.544149208068848,2026-06-04 14:34:40,64,16
e3_factual_410m_reduced,EleutherAI/pythia-410m-deduped,step128,128,0,factual_association,post_degradation_k64,n_items,400,2026-06-04 14:34:40,64,16
e3_factual_410m_reduced,EleutherAI/pythia-410m-deduped,step128,128,0,factual_association,post_degradation_k256,accuracy,0.005,2026-06-04 14:35:30,256,64
e3_factual_410m_reduced,EleutherAI/pythia-410m-deduped,step128,128,0,factual_association,post_degradation_k256,mean_margin,-3.763467934131622,2026-06-04 14:35:30,256,64
e3_factual_410m_reduced,EleutherAI/pythia-410m-deduped,step128,128,0,factual_association,post_degradation_k256,median_margin,-3.8235721588134766,2026-06-04 14:35:30,256,64
e3_factual_410m_reduced,EleutherAI/pythia-410m-deduped,step128,128,0,factual_association,post_degradation_k256,mean_gold_logprob,-13.38604250907898,2026-06-04 14:35:30,256,64
e3_factual_410m_reduced,EleutherAI/pythia-410m-deduped,step128,128,0,factual_association,post_degradation_k256,n_items,400,2026-06-04 14:35:30,256,64
e3_factual_410m_reduced,EleutherAI/pythia-410m-deduped,step128,128,0,factual_association,cell_complete,cell_complete,1.0,2026-06-04 14:35:30
e3_factual_410m_reduced,EleutherAI/pythia-410m-deduped,step128,128,1,factual_association,base,accuracy,0.1725,2026-06-04 14:36:12
e3_factual_410m_reduced,EleutherAI/pythia-410m-deduped,step128,128,1,factual_association,base,mean_margin,-0.7572655463218689,2026-06-04 14:36:12
e3_factual_410m_reduced,EleutherAI/pythia-410m-deduped,step128,128,1,factual_association,base,median_margin,-0.7142162322998047,2026-06-04 14:36:12
e3_factual_410m_reduced,EleutherAI/pythia-410m-deduped,step128,128,1,factual_association,base,mean_gold_logprob,-11.282417898178101,2026-06-04 14:36:12
e3_factual_410m_reduced,EleutherAI/pythia-410m-deduped,step128,128,1,factual_association,base,n_items,400,2026-06-04 14:36:12
e3_factual_410m_reduced,EleutherAI/pythia-410m-deduped,step128,128,1,factual_association,post_injection,accuracy,0.005,2026-06-04 14:37:37
e3_factual_410m_reduced,EleutherAI/pythia-410m-deduped,step128,128,1,factual_association,post_injection,mean_margin,-4.0481126952171325,2026-06-04 14:37:37
e3_factual_410m_reduced,EleutherAI/pythia-410m-deduped,step128,128,1,factual_association,post_injection,median_margin,-4.162047386169434,2026-06-04 14:37:37
e3_factual_410m_reduced,EleutherAI/pythia-410m-deduped,step128,128,1,factual_association,post_injection,mean_gold_logprob,-13.754061644077302,2026-06-04 14:37:37
e3_factual_410m_reduced,EleutherAI/pythia-410m-deduped,step128,128,1,factual_association,post_injection,n_items,400,2026-06-04 14:37:37
e3_factual_410m_reduced,EleutherAI/pythia-410m-deduped,step128,128,1,factual_association,post_continuation,accuracy,0.0125,2026-06-04 14:38:52
e3_factual_410m_reduced,EleutherAI/pythia-410m-deduped,step128,128,1,factual_association,post_continuation,mean_margin,-2.075590679645538,2026-06-04 14:38:52
e3_factual_410m_reduced,EleutherAI/pythia-410m-deduped,step128,128,1,factual_association,post_continuation,median_margin,-2.069472312927246,2026-06-04 14:38:52
e3_factual_410m_reduced,EleutherAI/pythia-410m-deduped,step128,128,1,factual_association,post_continuation,mean_gold_logprob,-12.675715529918671,2026-06-04 14:38:52
e3_factual_410m_reduced,EleutherAI/pythia-410m-deduped,step128,128,1,factual_association,post_continuation,n_items,400,2026-06-04 14:38:52
e3_factual_410m_reduced,EleutherAI/pythia-410m-deduped,step128,128,1,factual_association,post_degradation_k16,accuracy,0.0025,2026-06-04 14:39:33,16,4
e3_factual_410m_reduced,EleutherAI/pythia-410m-deduped,step128,128,1,factual_association,post_degradation_k16,mean_margin,-3.9012775731086733,2026-06-04 14:39:33,16,4
e3_factual_410m_reduced,EleutherAI/pythia-410m-deduped,step128,128,1,factual_association,post_degradation_k16,median_margin,-3.9694652557373047,2026-06-04 14:39:33,16,4
e3_factual_410m_reduced,EleutherAI/pythia-410m-deduped,step128,128,1,factual_association,post_degradation_k16,mean_gold_logprob,-13.53264119386673,2026-06-04 14:39:33,16,4
e3_factual_410m_reduced,EleutherAI/pythia-410m-deduped,step128,128,1,factual_association,post_degradation_k16,n_items,400,2026-06-04 14:39:33,16,4
e3_factual_410m_reduced,EleutherAI/pythia-410m-deduped,step128,128,1,factual_association,post_degradation_k64,accuracy,0.005,2026-06-04 14:40:16,64,16
e3_factual_410m_reduced,EleutherAI/pythia-410m-deduped,step128,128,1,factual_association,post_degradation_k64,mean_margin,-3.0813007736206055,2026-06-04 14:40:16,64,16
e3_factual_410m_reduced,EleutherAI/pythia-410m-deduped,step128,128,1,factual_association,post_degradation_k64,median_margin,-3.1825599670410156,2026-06-04 14:40:16,64,16
e3_factual_410m_reduced,EleutherAI/pythia-410m-deduped,step128,128,1,factual_association,post_degradation_k64,mean_gold_logprob,-17.12040983915329,2026-06-04 14:40:16,64,16
e3_factual_410m_reduced,EleutherAI/pythia-410m-deduped,step128,128,1,factual_association,post_degradation_k64,n_items,400,2026-06-04 14:40:16,64,16
e3_factual_410m_reduced,EleutherAI/pythia-410m-deduped,step128,128,1,factual_association,post_degradation_k256,accuracy,0.0025,2026-06-04 14:41:06,256,64
e3_factual_410m_reduced,EleutherAI/pythia-410m-deduped,step128,128,1,factual_association,post_degradation_k256,mean_margin,-3.6106794047355653,2026-06-04 14:41:06,256,64
e3_factual_410m_reduced,EleutherAI/pythia-410m-deduped,step128,128,1,factual_association,post_degradation_k256,median_margin,-3.6347217559814453,2026-06-04 14:41:06,256,64
e3_factual_410m_reduced,EleutherAI/pythia-410m-deduped,step128,128,1,factual_association,post_degradation_k256,mean_gold_logprob,-14.360803325176239,2026-06-04 14:41:06,256,64
e3_factual_410m_reduced,EleutherAI/pythia-410m-deduped,step128,128,1,factual_association,post_degradation_k256,n_items,400,2026-06-04 14:41:06,256,64
e3_factual_410m_reduced,EleutherAI/pythia-410m-deduped,step128,128,1,factual_association,cell_complete,cell_complete,1.0,2026-06-04 14:41:06
e3_factual_410m_reduced,EleutherAI/pythia-410m-deduped,step512,512,0,factual_association,base,accuracy,0.1975,2026-06-04 14:42:14
e3_factual_410m_reduced,EleutherAI/pythia-410m-deduped,step512,512,0,factual_association,base,mean_margin,-1.084592001438141,2026-06-04 14:42:14
e3_factual_410m_reduced,EleutherAI/pythia-410m-deduped,step512,512,0,factual_association,base,median_margin,-1.0745658874511719,2026-06-04 14:42:14
e3_factual_410m_reduced,EleutherAI/pythia-410m-deduped,step512,512,0,factual_association,base,mean_gold_logprob,-11.980085351467132,2026-06-04 14:42:14
e3_factual_410m_reduced,EleutherAI/pythia-410m-deduped,step512,512,0,factual_association,base,n_items,400,2026-06-04 14:42:14
e3_factual_410m_reduced,EleutherAI/pythia-410m-deduped,step512,512,0,factual_association,post_injection,accuracy,0.0175,2026-06-04 14:43:37
e3_factual_410m_reduced,EleutherAI/pythia-410m-deduped,step512,512,0,factual_association,post_injection,mean_margin,-2.301011788845062,2026-06-04 14:43:37
e3_factual_410m_reduced,EleutherAI/pythia-410m-deduped,step512,512,0,factual_association,post_injection,median_margin,-2.29634952545166,2026-06-04 14:43:37
e3_factual_410m_reduced,EleutherAI/pythia-410m-deduped,step512,512,0,factual_association,post_injection,mean_gold_logprob,-14.774860117435455,2026-06-04 14:43:37
e3_factual_410m_reduced,EleutherAI/pythia-410m-deduped,step512,512,0,factual_association,post_injection,n_items,400,2026-06-04 14:43:37
e3_factual_410m_reduced,EleutherAI/pythia-410m-deduped,step512,512,0,factual_association,post_continuation,accuracy,0.1575,2026-06-04 14:44:52
e3_factual_410m_reduced,EleutherAI/pythia-410m-deduped,step512,512,0,factual_association,post_continuation,mean_margin,-1.0748297476768494,2026-06-04 14:44:52
e3_factual_410m_reduced,EleutherAI/pythia-410m-deduped,step512,512,0,factual_association,post_continuation,median_margin,-1.1032400131225586,2026-06-04 14:44:52
e3_factual_410m_reduced,EleutherAI/pythia-410m-deduped,step512,512,0,factual_association,post_continuation,mean_gold_logprob,-12.335218918323516,2026-06-04 14:44:52
e3_factual_410m_reduced,EleutherAI/pythia-410m-deduped,step512,512,0,factual_association,post_continuation,n_items,400,2026-06-04 14:44:52
e3_factual_410m_reduced,EleutherAI/pythia-410m-deduped,step512,512,0,factual_association,post_degradation_k16,accuracy,0.06,2026-06-04 14:45:32,16,4
e3_factual_410m_reduced,EleutherAI/pythia-410m-deduped,step512,512,0,factual_association,post_degradation_k16,mean_margin,-1.8312045669555663,2026-06-04 14:45:32,16,4
e3_factual_410m_reduced,EleutherAI/pythia-410m-deduped,step512,512,0,factual_association,post_degradation_k16,median_margin,-1.8761529922485352,2026-06-04 14:45:32,16,4
e3_factual_410m_reduced,EleutherAI/pythia-410m-deduped,step512,512,0,factual_association,post_degradation_k16,mean_gold_logprob,-15.011870965957641,2026-06-04 14:45:32,16,4
e3_factual_410m_reduced,EleutherAI/pythia-410m-deduped,step512,512,0,factual_association,post_degradation_k16,n_items,400,2026-06-04 14:45:32,16,4
e3_factual_410m_reduced,EleutherAI/pythia-410m-deduped,step512,512,0,factual_association,post_degradation_k64,accuracy,0.0375,2026-06-04 14:46:15,64,16
e3_factual_410m_reduced,EleutherAI/pythia-410m-deduped,step512,512,0,factual_association,post_degradation_k64,mean_margin,-2.026855170726776,2026-06-04 14:46:15,64,16
e3_factual_410m_reduced,EleutherAI/pythia-410m-deduped,step512,512,0,factual_association,post_degradation_k64,median_margin,-1.9860563278198242,2026-06-04 14:46:15,64,16
e3_factual_410m_reduced,EleutherAI/pythia-410m-deduped,step512,512,0,factual_association,post_degradation_k64,mean_gold_logprob,-13.602690982818604,2026-06-04 14:46:15,64,16
e3_factual_410m_reduced,EleutherAI/pythia-410m-deduped,step512,512,0,factual_association,post_degradation_k64,n_items,400,2026-06-04 14:46:15,64,16
e3_factual_410m_reduced,EleutherAI/pythia-410m-deduped,step512,512,0,factual_association,post_degradation_k256,accuracy,0.13,2026-06-04 14:47:06,256,64
e3_factual_410m_reduced,EleutherAI/pythia-410m-deduped,step512,512,0,factual_association,post_degradation_k256,mean_margin,-1.4568626666069031,2026-06-04 14:47:06,256,64
e3_factual_410m_reduced,EleutherAI/pythia-410m-deduped,step512,512,0,factual_association,post_degradation_k256,median_margin,-1.460886001586914,2026-06-04 14:47:06,256,64
e3_factual_410m_reduced,EleutherAI/pythia-410m-deduped,step512,512,0,factual_association,post_degradation_k256,mean_gold_logprob,-13.134588515758514,2026-06-04 14:47:06,256,64
e3_factual_410m_reduced,EleutherAI/pythia-410m-deduped,step512,512,0,factual_association,post_degradation_k256,n_items,400,2026-06-04 14:47:06,256,64
e3_factual_410m_reduced,EleutherAI/pythia-410m-deduped,step512,512,0,factual_association,cell_complete,cell_complete,1.0,2026-06-04 14:47:06
e3_factual_410m_reduced,EleutherAI/pythia-410m-deduped,step512,512,1,factual_association,base,accuracy,0.1975,2026-06-04 14:47:48
e3_factual_410m_reduced,EleutherAI/pythia-410m-deduped,step512,512,1,factual_association,base,mean_margin,-1.1550105690956116,2026-06-04 14:47:48
e3_factual_410m_reduced,EleutherAI/pythia-410m-deduped,step512,512,1,factual_association,base,median_margin,-1.2475767135620117,2026-06-04 14:47:48
e3_factual_410m_reduced,EleutherAI/pythia-410m-deduped,step512,512,1,factual_association,base,mean_gold_logprob,-11.727105400562287,2026-06-04 14:47:48
e3_factual_410m_reduced,EleutherAI/pythia-410m-deduped,step512,512,1,factual_association,base,n_items,400,2026-06-04 14:47:48
e3_factual_410m_reduced,EleutherAI/pythia-410m-deduped,step512,512,1,factual_association,post_injection,accuracy,0.005,2026-06-04 14:49:11
e3_factual_410m_reduced,EleutherAI/pythia-410m-deduped,step512,512,1,factual_association,post_injection,mean_margin,-3.0428942954540252,2026-06-04 14:49:11
e3_factual_410m_reduced,EleutherAI/pythia-410m-deduped,step512,512,1,factual_association,post_injection,median_margin,-2.934217929840088,2026-06-04 14:49:11
e3_factual_410m_reduced,EleutherAI/pythia-410m-deduped,step512,512,1,factual_association,post_injection,mean_gold_logprob,-10.625842487812042,2026-06-04 14:49:11
e3_factual_410m_reduced,EleutherAI/pythia-410m-deduped,step512,512,1,factual_association,post_injection,n_items,400,2026-06-04 14:49:11
e3_factual_410m_reduced,EleutherAI/pythia-410m-deduped,step512,512,1,factual_association,post_continuation,accuracy,0.0375,2026-06-04 14:50:27
e3_factual_410m_reduced,EleutherAI/pythia-410m-deduped,step512,512,1,factual_association,post_continuation,mean_margin,-1.9564914882183075,2026-06-04 14:50:27
e3_factual_410m_reduced,EleutherAI/pythia-410m-deduped,step512,512,1,factual_association,post_continuation,median_margin,-1.9054279327392578,2026-06-04 14:50:27
e3_factual_410m_reduced,EleutherAI/pythia-410m-deduped,step512,512,1,factual_association,post_continuation,mean_gold_logprob,-13.063473799228667,2026-06-04 14:50:27
e3_factual_410m_reduced,EleutherAI/pythia-410m-deduped,step512,512,1,factual_association,post_continuation,n_items,400,2026-06-04 14:50:27
e3_factual_410m_reduced,EleutherAI/pythia-410m-deduped,step512,512,1,factual_association,post_degradation_k16,accuracy,0.0025,2026-06-04 14:51:09,16,4
e3_factual_410m_reduced,EleutherAI/pythia-410m-deduped,step512,512,1,factual_association,post_degradation_k16,mean_margin,-2.9182515966892244,2026-06-04 14:51:09,16,4
e3_factual_410m_reduced,EleutherAI/pythia-410m-deduped,step512,512,1,factual_association,post_degradation_k16,median_margin,-2.9241232872009277,2026-06-04 14:51:09,16,4
e3_factual_410m_reduced,EleutherAI/pythia-410m-deduped,step512,512,1,factual_association,post_degradation_k16,mean_gold_logprob,-9.743833348751068,2026-06-04 14:51:09,16,4
e3_factual_410m_reduced,EleutherAI/pythia-410m-deduped,step512,512,1,factual_association,post_degradation_k16,n_items,400,2026-06-04 14:51:09,16,4
e3_factual_410m_reduced,EleutherAI/pythia-410m-deduped,step512,512,1,factual_association,post_degradation_k64,accuracy,0.0175,2026-06-04 14:51:53,64,16
e3_factual_410m_reduced,EleutherAI/pythia-410m-deduped,step512,512,1,factual_association,post_degradation_k64,mean_margin,-2.5529214322566984,2026-06-04 14:51:53,64,16
e3_factual_410m_reduced,EleutherAI/pythia-410m-deduped,step512,512,1,factual_association,post_degradation_k64,median_margin,-2.489464282989502,2026-06-04 14:51:53,64,16
e3_factual_410m_reduced,EleutherAI/pythia-410m-deduped,step512,512,1,factual_association,post_degradation_k64,mean_gold_logprob,-11.392542321681976,2026-06-04 14:51:53,64,16
e3_factual_410m_reduced,EleutherAI/pythia-410m-deduped,step512,512,1,factual_association,post_degradation_k64,n_items,400,2026-06-04 14:51:53,64,16
e3_factual_410m_reduced,EleutherAI/pythia-410m-deduped,step512,512,1,factual_association,post_degradation_k256,accuracy,0.05,2026-06-04 14:52:43,256,64
e3_factual_410m_reduced,EleutherAI/pythia-410m-deduped,step512,512,1,factual_association,post_degradation_k256,mean_margin,-1.6949156975746156,2026-06-04 14:52:43,256,64
e3_factual_410m_reduced,EleutherAI/pythia-410m-deduped,step512,512,1,factual_association,post_degradation_k256,median_margin,-1.7098007202148438,2026-06-04 14:52:43,256,64
e3_factual_410m_reduced,EleutherAI/pythia-410m-deduped,step512,512,1,factual_association,post_degradation_k256,mean_gold_logprob,-14.321393325328827,2026-06-04 14:52:43,256,64
e3_factual_410m_reduced,EleutherAI/pythia-410m-deduped,step512,512,1,factual_association,post_degradation_k256,n_items,400,2026-06-04 14:52:43,256,64
e3_factual_410m_reduced,EleutherAI/pythia-410m-deduped,step512,512,1,factual_association,cell_complete,cell_complete,1.0,2026-06-04 14:52:43
e3_factual_410m_reduced,EleutherAI/pythia-410m-deduped,step1000,1000,0,factual_association,base,accuracy,0.1675,2026-06-04 14:53:48
e3_factual_410m_reduced,EleutherAI/pythia-410m-deduped,step1000,1000,0,factual_association,base,mean_margin,-1.095155906677246,2026-06-04 14:53:48
e3_factual_410m_reduced,EleutherAI/pythia-410m-deduped,step1000,1000,0,factual_association,base,median_margin,-1.138594627380371,2026-06-04 14:53:48
e3_factual_410m_reduced,EleutherAI/pythia-410m-deduped,step1000,1000,0,factual_association,base,mean_gold_logprob,-12.542893052101135,2026-06-04 14:53:48
e3_factual_410m_reduced,EleutherAI/pythia-410m-deduped,step1000,1000,0,factual_association,base,n_items,400,2026-06-04 14:53:48
e3_factual_410m_reduced,EleutherAI/pythia-410m-deduped,step1000,1000,0,factual_association,post_injection,accuracy,0.005,2026-06-04 14:55:11
e3_factual_410m_reduced,EleutherAI/pythia-410m-deduped,step1000,1000,0,factual_association,post_injection,mean_margin,-3.1794532245397567,2026-06-04 14:55:11
e3_factual_410m_reduced,EleutherAI/pythia-410m-deduped,step1000,1000,0,factual_association,post_injection,median_margin,-3.1805496215820312,2026-06-04 14:55:11
e3_factual_410m_reduced,EleutherAI/pythia-410m-deduped,step1000,1000,0,factual_association,post_injection,mean_gold_logprob,-9.120986083745956,2026-06-04 14:55:11
e3_factual_410m_reduced,EleutherAI/pythia-410m-deduped,step1000,1000,0,factual_association,post_injection,n_items,400,2026-06-04 14:55:11
e3_factual_410m_reduced,EleutherAI/pythia-410m-deduped,step1000,1000,0,factual_association,post_continuation,accuracy,0.0075,2026-06-04 14:56:26
e3_factual_410m_reduced,EleutherAI/pythia-410m-deduped,step1000,1000,0,factual_association,post_continuation,mean_margin,-2.4882263112068177,2026-06-04 14:56:26
e3_factual_410m_reduced,EleutherAI/pythia-410m-deduped,step1000,1000,0,factual_association,post_continuation,median_margin,-2.4241838455200195,2026-06-04 14:56:26
e3_factual_410m_reduced,EleutherAI/pythia-410m-deduped,step1000,1000,0,factual_association,post_continuation,mean_gold_logprob,-11.587104411125184,2026-06-04 14:56:26
e3_factual_410m_reduced,EleutherAI/pythia-410m-deduped,step1000,1000,0,factual_association,post_continuation,n_items,400,2026-06-04 14:56:26
e3_factual_410m_reduced,EleutherAI/pythia-410m-deduped,step1000,1000,0,factual_association,post_degradation_k16,accuracy,0.005,2026-06-04 14:57:07,16,4
e3_factual_410m_reduced,EleutherAI/pythia-410m-deduped,step1000,1000,0,factual_association,post_degradation_k16,mean_margin,-3.113185074329376,2026-06-04 14:57:07,16,4
e3_factual_410m_reduced,EleutherAI/pythia-410m-deduped,step1000,1000,0,factual_association,post_degradation_k16,median_margin,-3.122490882873535,2026-06-04 14:57:07,16,4
e3_factual_410m_reduced,EleutherAI/pythia-410m-deduped,step1000,1000,0,factual_association,post_degradation_k16,mean_gold_logprob,-8.919949148893357,2026-06-04 14:57:07,16,4
e3_factual_410m_reduced,EleutherAI/pythia-410m-deduped,step1000,1000,0,factual_association,post_degradation_k16,n_items,400,2026-06-04 14:57:07,16,4
e3_factual_410m_reduced,EleutherAI/pythia-410m-deduped,step1000,1000,0,factual_association,post_degradation_k64,accuracy,0.0075,2026-06-04 14:57:50,64,16
e3_factual_410m_reduced,EleutherAI/pythia-410m-deduped,step1000,1000,0,factual_association,post_degradation_k64,mean_margin,-2.8915510749816895,2026-06-04 14:57:50,64,16
e3_factual_410m_reduced,EleutherAI/pythia-410m-deduped,step1000,1000,0,factual_association,post_degradation_k64,median_margin,-2.8296165466308594,2026-06-04 14:57:50,64,16
e3_factual_410m_reduced,EleutherAI/pythia-410m-deduped,step1000,1000,0,factual_association,post_degradation_k64,mean_gold_logprob,-8.827171140909195,2026-06-04 14:57:50,64,16
e3_factual_410m_reduced,EleutherAI/pythia-410m-deduped,step1000,1000,0,factual_association,post_degradation_k64,n_items,400,2026-06-04 14:57:50,64,16
e3_factual_410m_reduced,EleutherAI/pythia-410m-deduped,step1000,1000,0,factual_association,post_degradation_k256,accuracy,0.0475,2026-06-04 14:58:41,256,64
e3_factual_410m_reduced,EleutherAI/pythia-410m-deduped,step1000,1000,0,factual_association,post_degradation_k256,mean_margin,-1.6960319042205811,2026-06-04 14:58:41,256,64
e3_factual_410m_reduced,EleutherAI/pythia-410m-deduped,step1000,1000,0,factual_association,post_degradation_k256,median_margin,-1.6409244537353516,2026-06-04 14:58:41,256,64
e3_factual_410m_reduced,EleutherAI/pythia-410m-deduped,step1000,1000,0,factual_association,post_degradation_k256,mean_gold_logprob,-15.055818157196045,2026-06-04 14:58:41,256,64
e3_factual_410m_reduced,EleutherAI/pythia-410m-deduped,step1000,1000,0,factual_association,post_degradation_k256,n_items,400,2026-06-04 14:58:41,256,64
e3_factual_410m_reduced,EleutherAI/pythia-410m-deduped,step1000,1000,0,factual_association,cell_complete,cell_complete,1.0,2026-06-04 14:58:41
e3_factual_410m_reduced,EleutherAI/pythia-410m-deduped,step1000,1000,1,factual_association,base,accuracy,0.21,2026-06-04 14:59:22
e3_factual_410m_reduced,EleutherAI/pythia-410m-deduped,step1000,1000,1,factual_association,base,mean_margin,-1.0543422722816467,2026-06-04 14:59:22
e3_factual_410m_reduced,EleutherAI/pythia-410m-deduped,step1000,1000,1,factual_association,base,median_margin,-1.011540412902832,2026-06-04 14:59:22
e3_factual_410m_reduced,EleutherAI/pythia-410m-deduped,step1000,1000,1,factual_association,base,mean_gold_logprob,-12.449765706062317,2026-06-04 14:59:22
e3_factual_410m_reduced,EleutherAI/pythia-410m-deduped,step1000,1000,1,factual_association,base,n_items,400,2026-06-04 14:59:22
e3_factual_410m_reduced,EleutherAI/pythia-410m-deduped,step1000,1000,1,factual_association,post_injection,accuracy,0.005,2026-06-04 15:00:45
e3_factual_410m_reduced,EleutherAI/pythia-410m-deduped,step1000,1000,1,factual_association,post_injection,mean_margin,-3.2319001322984695,2026-06-04 15:00:45
e3_factual_410m_reduced,EleutherAI/pythia-410m-deduped,step1000,1000,1,factual_association,post_injection,median_margin,-3.072213649749756,2026-06-04 15:00:45
e3_factual_410m_reduced,EleutherAI/pythia-410m-deduped,step1000,1000,1,factual_association,post_injection,mean_gold_logprob,-10.205373972654343,2026-06-04 15:00:45
e3_factual_410m_reduced,EleutherAI/pythia-410m-deduped,step1000,1000,1,factual_association,post_injection,n_items,400,2026-06-04 15:00:45
e3_factual_410m_reduced,EleutherAI/pythia-410m-deduped,step1000,1000,1,factual_association,post_continuation,accuracy,0.02,2026-06-04 15:02:00
e3_factual_410m_reduced,EleutherAI/pythia-410m-deduped,step1000,1000,1,factual_association,post_continuation,mean_margin,-2.49725354552269,2026-06-04 15:02:00
e3_factual_410m_reduced,EleutherAI/pythia-410m-deduped,step1000,1000,1,factual_association,post_continuation,median_margin,-2.2884998321533203,2026-06-04 15:02:00
e3_factual_410m_reduced,EleutherAI/pythia-410m-deduped,step1000,1000,1,factual_association,post_continuation,mean_gold_logprob,-12.252390258312225,2026-06-04 15:02:00
e3_factual_410m_reduced,EleutherAI/pythia-410m-deduped,step1000,1000,1,factual_association,post_continuation,n_items,400,2026-06-04 15:02:00
e3_factual_410m_reduced,EleutherAI/pythia-410m-deduped,step1000,1000,1,factual_association,post_degradation_k16,accuracy,0.005,2026-06-04 15:02:40,16,4
e3_factual_410m_reduced,EleutherAI/pythia-410m-deduped,step1000,1000,1,factual_association,post_degradation_k16,mean_margin,-2.9066755402088167,2026-06-04 15:02:40,16,4
e3_factual_410m_reduced,EleutherAI/pythia-410m-deduped,step1000,1000,1,factual_association,post_degradation_k16,median_margin,-2.7861223220825195,2026-06-04 15:02:40,16,4
e3_factual_410m_reduced,EleutherAI/pythia-410m-deduped,step1000,1000,1,factual_association,post_degradation_k16,mean_gold_logprob,-12.564092893600463,2026-06-04 15:02:40,16,4
e3_factual_410m_reduced,EleutherAI/pythia-410m-deduped,step1000,1000,1,factual_association,post_degradation_k16,n_items,400,2026-06-04 15:02:40,16,4
e3_factual_410m_reduced,EleutherAI/pythia-410m-deduped,step1000,1000,1,factual_association,post_degradation_k64,accuracy,0.015,2026-06-04 15:03:24,64,16
e3_factual_410m_reduced,EleutherAI/pythia-410m-deduped,step1000,1000,1,factual_association,post_degradation_k64,mean_margin,-2.738182423710823,2026-06-04 15:03:24,64,16
e3_factual_410m_reduced,EleutherAI/pythia-410m-deduped,step1000,1000,1,factual_association,post_degradation_k64,median_margin,-2.687502861022949,2026-06-04 15:03:24,64,16
e3_factual_410m_reduced,EleutherAI/pythia-410m-deduped,step1000,1000,1,factual_association,post_degradation_k64,mean_gold_logprob,-9.102861267328262,2026-06-04 15:03:24,64,16
e3_factual_410m_reduced,EleutherAI/pythia-410m-deduped,step1000,1000,1,factual_association,post_degradation_k64,n_items,400,2026-06-04 15:03:24,64,16
e3_factual_410m_reduced,EleutherAI/pythia-410m-deduped,step1000,1000,1,factual_association,post_degradation_k256,accuracy,0.0875,2026-06-04 15:04:15,256,64
e3_factual_410m_reduced,EleutherAI/pythia-410m-deduped,step1000,1000,1,factual_association,post_degradation_k256,mean_margin,-1.5044970059394835,2026-06-04 15:04:15,256,64
e3_factual_410m_reduced,EleutherAI/pythia-410m-deduped,step1000,1000,1,factual_association,post_degradation_k256,median_margin,-1.4856042861938477,2026-06-04 15:04:15,256,64
e3_factual_410m_reduced,EleutherAI/pythia-410m-deduped,step1000,1000,1,factual_association,post_degradation_k256,mean_gold_logprob,-13.124864406585694,2026-06-04 15:04:15,256,64
e3_factual_410m_reduced,EleutherAI/pythia-410m-deduped,step1000,1000,1,factual_association,post_degradation_k256,n_items,400,2026-06-04 15:04:15,256,64
e3_factual_410m_reduced,EleutherAI/pythia-410m-deduped,step1000,1000,1,factual_association,cell_complete,cell_complete,1.0,2026-06-04 15:04:15
e3_factual_410m_reduced,EleutherAI/pythia-410m-deduped,step2000,2000,0,factual_association,base,accuracy,0.17,2026-06-04 15:05:09
e3_factual_410m_reduced,EleutherAI/pythia-410m-deduped,step2000,2000,0,factual_association,base,mean_margin,-1.4528755354881286,2026-06-04 15:05:09
e3_factual_410m_reduced,EleutherAI/pythia-410m-deduped,step2000,2000,0,factual_association,base,median_margin,-1.385549545288086,2026-06-04 15:05:09
e3_factual_410m_reduced,EleutherAI/pythia-410m-deduped,step2000,2000,0,factual_association,base,mean_gold_logprob,-11.632107648849487,2026-06-04 15:05:09
e3_factual_410m_reduced,EleutherAI/pythia-410m-deduped,step2000,2000,0,factual_association,base,n_items,400,2026-06-04 15:05:09
e3_factual_410m_reduced,EleutherAI/pythia-410m-deduped,step2000,2000,0,factual_association,post_injection,accuracy,0.005,2026-06-04 15:06:32
e3_factual_410m_reduced,EleutherAI/pythia-410m-deduped,step2000,2000,0,factual_association,post_injection,mean_margin,-3.196398504972458,2026-06-04 15:06:32
e3_factual_410m_reduced,EleutherAI/pythia-410m-deduped,step2000,2000,0,factual_association,post_injection,median_margin,-3.172635078430176,2026-06-04 15:06:32
e3_factual_410m_reduced,EleutherAI/pythia-410m-deduped,step2000,2000,0,factual_association,post_injection,mean_gold_logprob,-8.998252695798874,2026-06-04 15:06:32
e3_factual_410m_reduced,EleutherAI/pythia-410m-deduped,step2000,2000,0,factual_association,post_injection,n_items,400,2026-06-04 15:06:32
e3_factual_410m_reduced,EleutherAI/pythia-410m-deduped,step2000,2000,0,factual_association,post_continuation,accuracy,0.0025,2026-06-04 15:07:48
e3_factual_410m_reduced,EleutherAI/pythia-410m-deduped,step2000,2000,0,factual_association,post_continuation,mean_margin,-2.7529488945007325,2026-06-04 15:07:48
e3_factual_410m_reduced,EleutherAI/pythia-410m-deduped,step2000,2000,0,factual_association,post_continuation,median_margin,-2.706277847290039,2026-06-04 15:07:48
e3_factual_410m_reduced,EleutherAI/pythia-410m-deduped,step2000,2000,0,factual_association,post_continuation,mean_gold_logprob,-9.861893332004547,2026-06-04 15:07:48
e3_factual_410m_reduced,EleutherAI/pythia-410m-deduped,step2000,2000,0,factual_association,post_continuation,n_items,400,2026-06-04 15:07:48
e3_factual_410m_reduced,EleutherAI/pythia-410m-deduped,step2000,2000,0,factual_association,post_degradation_k16,accuracy,0.005,2026-06-04 15:08:28,16,4
e3_factual_410m_reduced,EleutherAI/pythia-410m-deduped,step2000,2000,0,factual_association,post_degradation_k16,mean_margin,-3.161340000629425,2026-06-04 15:08:28,16,4
e3_factual_410m_reduced,EleutherAI/pythia-410m-deduped,step2000,2000,0,factual_association,post_degradation_k16,median_margin,-3.091693878173828,2026-06-04 15:08:28,16,4
e3_factual_410m_reduced,EleutherAI/pythia-410m-deduped,step2000,2000,0,factual_association,post_degradation_k16,mean_gold_logprob,-8.915474715232849,2026-06-04 15:08:28,16,4
e3_factual_410m_reduced,EleutherAI/pythia-410m-deduped,step2000,2000,0,factual_association,post_degradation_k16,n_items,400,2026-06-04 15:08:28,16,4
e3_factual_410m_reduced,EleutherAI/pythia-410m-deduped,step2000,2000,0,factual_association,post_degradation_k64,accuracy,0.005,2026-06-04 15:09:11,64,16
e3_factual_410m_reduced,EleutherAI/pythia-410m-deduped,step2000,2000,0,factual_association,post_degradation_k64,mean_margin,-2.924118633270264,2026-06-04 15:09:11,64,16
e3_factual_410m_reduced,EleutherAI/pythia-410m-deduped,step2000,2000,0,factual_association,post_degradation_k64,median_margin,-2.873760223388672,2026-06-04 15:09:11,64,16
e3_factual_410m_reduced,EleutherAI/pythia-410m-deduped,step2000,2000,0,factual_association,post_degradation_k64,mean_gold_logprob,-8.815745112895966,2026-06-04 15:09:11,64,16
e3_factual_410m_reduced,EleutherAI/pythia-410m-deduped,step2000,2000,0,factual_association,post_degradation_k64,n_items,400,2026-06-04 15:09:11,64,16
e3_factual_410m_reduced,EleutherAI/pythia-410m-deduped,step2000,2000,0,factual_association,post_degradation_k256,accuracy,0.0175,2026-06-04 15:10:03,256,64
e3_factual_410m_reduced,EleutherAI/pythia-410m-deduped,step2000,2000,0,factual_association,post_degradation_k256,mean_margin,-2.5547089731693267,2026-06-04 15:10:03,256,64
e3_factual_410m_reduced,EleutherAI/pythia-410m-deduped,step2000,2000,0,factual_association,post_degradation_k256,median_margin,-2.5424060821533203,2026-06-04 15:10:03,256,64
e3_factual_410m_reduced,EleutherAI/pythia-410m-deduped,step2000,2000,0,factual_association,post_degradation_k256,mean_gold_logprob,-8.371018071174621,2026-06-04 15:10:03,256,64
e3_factual_410m_reduced,EleutherAI/pythia-410m-deduped,step2000,2000,0,factual_association,post_degradation_k256,n_items,400,2026-06-04 15:10:03,256,64
e3_factual_410m_reduced,EleutherAI/pythia-410m-deduped,step2000,2000,0,factual_association,cell_complete,cell_complete,1.0,2026-06-04 15:10:03
e3_factual_410m_reduced,EleutherAI/pythia-410m-deduped,step2000,2000,1,factual_association,base,accuracy,0.2175,2026-06-04 15:10:47
e3_factual_410m_reduced,EleutherAI/pythia-410m-deduped,step2000,2000,1,factual_association,base,mean_margin,-1.4756624209880829,2026-06-04 15:10:47
e3_factual_410m_reduced,EleutherAI/pythia-410m-deduped,step2000,2000,1,factual_association,base,median_margin,-1.4276342391967773,2026-06-04 15:10:47
e3_factual_410m_reduced,EleutherAI/pythia-410m-deduped,step2000,2000,1,factual_association,base,mean_gold_logprob,-11.640290064811706,2026-06-04 15:10:47
e3_factual_410m_reduced,EleutherAI/pythia-410m-deduped,step2000,2000,1,factual_association,base,n_items,400,2026-06-04 15:10:47
e3_factual_410m_reduced,EleutherAI/pythia-410m-deduped,step2000,2000,1,factual_association,post_injection,accuracy,0.005,2026-06-04 15:12:10
e3_factual_410m_reduced,EleutherAI/pythia-410m-deduped,step2000,2000,1,factual_association,post_injection,mean_margin,-3.20322593331337,2026-06-04 15:12:10
e3_factual_410m_reduced,EleutherAI/pythia-410m-deduped,step2000,2000,1,factual_association,post_injection,median_margin,-3.193603038787842,2026-06-04 15:12:10
e3_factual_410m_reduced,EleutherAI/pythia-410m-deduped,step2000,2000,1,factual_association,post_injection,mean_gold_logprob,-8.952940777540206,2026-06-04 15:12:10
e3_factual_410m_reduced,EleutherAI/pythia-410m-deduped,step2000,2000,1,factual_association,post_injection,n_items,400,2026-06-04 15:12:10
e3_factual_410m_reduced,EleutherAI/pythia-410m-deduped,step2000,2000,1,factual_association,post_continuation,accuracy,0.0125,2026-06-04 15:13:25
e3_factual_410m_reduced,EleutherAI/pythia-410m-deduped,step2000,2000,1,factual_association,post_continuation,mean_margin,-2.973485212922096,2026-06-04 15:13:25
e3_factual_410m_reduced,EleutherAI/pythia-410m-deduped,step2000,2000,1,factual_association,post_continuation,median_margin,-2.8575005531311035,2026-06-04 15:13:25
e3_factual_410m_reduced,EleutherAI/pythia-410m-deduped,step2000,2000,1,factual_association,post_continuation,mean_gold_logprob,-9.809598499536515,2026-06-04 15:13:25
e3_factual_410m_reduced,EleutherAI/pythia-410m-deduped,step2000,2000,1,factual_association,post_continuation,n_items,400,2026-06-04 15:13:25
e3_factual_410m_reduced,EleutherAI/pythia-410m-deduped,step2000,2000,1,factual_association,post_degradation_k16,accuracy,0.0025,2026-06-04 15:14:05,16,4
e3_factual_410m_reduced,EleutherAI/pythia-410m-deduped,step2000,2000,1,factual_association,post_degradation_k16,mean_margin,-3.1851258355379106,2026-06-04 15:14:05,16,4
e3_factual_410m_reduced,EleutherAI/pythia-410m-deduped,step2000,2000,1,factual_association,post_degradation_k16,median_margin,-3.1794357299804688,2026-06-04 15:14:05,16,4
e3_factual_410m_reduced,EleutherAI/pythia-410m-deduped,step2000,2000,1,factual_association,post_degradation_k16,mean_gold_logprob,-9.022962599992752,2026-06-04 15:14:05,16,4
e3_factual_410m_reduced,EleutherAI/pythia-410m-deduped,step2000,2000,1,factual_association,post_degradation_k16,n_items,400,2026-06-04 15:14:05,16,4
e3_factual_410m_reduced,EleutherAI/pythia-410m-deduped,step2000,2000,1,factual_association,post_degradation_k64,accuracy,0.02,2026-06-04 15:14:48,64,16
e3_factual_410m_reduced,EleutherAI/pythia-410m-deduped,step2000,2000,1,factual_association,post_degradation_k64,mean_margin,-2.9424207532405853,2026-06-04 15:14:48,64,16
e3_factual_410m_reduced,EleutherAI/pythia-410m-deduped,step2000,2000,1,factual_association,post_degradation_k64,median_margin,-2.8945202827453613,2026-06-04 15:14:48,64,16
e3_factual_410m_reduced,EleutherAI/pythia-410m-deduped,step2000,2000,1,factual_association,post_degradation_k64,mean_gold_logprob,-8.839282435178756,2026-06-04 15:14:48,64,16
e3_factual_410m_reduced,EleutherAI/pythia-410m-deduped,step2000,2000,1,factual_association,post_degradation_k64,n_items,400,2026-06-04 15:14:48,64,16
e3_factual_410m_reduced,EleutherAI/pythia-410m-deduped,step2000,2000,1,factual_association,post_degradation_k256,accuracy,0.02,2026-06-04 15:15:40,256,64
e3_factual_410m_reduced,EleutherAI/pythia-410m-deduped,step2000,2000,1,factual_association,post_degradation_k256,mean_margin,-2.5840690982341767,2026-06-04 15:15:40,256,64
e3_factual_410m_reduced,EleutherAI/pythia-410m-deduped,step2000,2000,1,factual_association,post_degradation_k256,median_margin,-2.5572257041931152,2026-06-04 15:15:40,256,64
e3_factual_410m_reduced,EleutherAI/pythia-410m-deduped,step2000,2000,1,factual_association,post_degradation_k256,mean_gold_logprob,-8.48089473605156,2026-06-04 15:15:40,256,64
e3_factual_410m_reduced,EleutherAI/pythia-410m-deduped,step2000,2000,1,factual_association,post_degradation_k256,n_items,400,2026-06-04 15:15:40,256,64
e3_factual_410m_reduced,EleutherAI/pythia-410m-deduped,step2000,2000,1,factual_association,cell_complete,cell_complete,1.0,2026-06-04 15:15:40
e3_factual_410m_reduced,EleutherAI/pythia-410m-deduped,step8000,8000,0,factual_association,base,accuracy,0.1925,2026-06-04 15:16:32
e3_factual_410m_reduced,EleutherAI/pythia-410m-deduped,step8000,8000,0,factual_association,base,mean_margin,-1.2056940138339995,2026-06-04 15:16:32
e3_factual_410m_reduced,EleutherAI/pythia-410m-deduped,step8000,8000,0,factual_association,base,median_margin,-1.1578779220581055,2026-06-04 15:16:32
e3_factual_410m_reduced,EleutherAI/pythia-410m-deduped,step8000,8000,0,factual_association,base,mean_gold_logprob,-13.104119091033935,2026-06-04 15:16:32
e3_factual_410m_reduced,EleutherAI/pythia-410m-deduped,step8000,8000,0,factual_association,base,n_items,400,2026-06-04 15:16:32
e3_factual_410m_reduced,EleutherAI/pythia-410m-deduped,step8000,8000,0,factual_association,post_injection,accuracy,0.03,2026-06-04 15:17:56
e3_factual_410m_reduced,EleutherAI/pythia-410m-deduped,step8000,8000,0,factual_association,post_injection,mean_margin,-4.080260468572378,2026-06-04 15:17:56
e3_factual_410m_reduced,EleutherAI/pythia-410m-deduped,step8000,8000,0,factual_association,post_injection,median_margin,-3.827733039855957,2026-06-04 15:17:56
e3_factual_410m_reduced,EleutherAI/pythia-410m-deduped,step8000,8000,0,factual_association,post_injection,mean_gold_logprob,-10.424253011941909,2026-06-04 15:17:56
e3_factual_410m_reduced,EleutherAI/pythia-410m-deduped,step8000,8000,0,factual_association,post_injection,n_items,400,2026-06-04 15:17:56
e3_factual_410m_reduced,EleutherAI/pythia-410m-deduped,step8000,8000,0,factual_association,post_continuation,accuracy,0.0525,2026-06-04 15:19:12
e3_factual_410m_reduced,EleutherAI/pythia-410m-deduped,step8000,8000,0,factual_association,post_continuation,mean_margin,-3.9678421941399575,2026-06-04 15:19:12
e3_factual_410m_reduced,EleutherAI/pythia-410m-deduped,step8000,8000,0,factual_association,post_continuation,median_margin,-3.7470436096191406,2026-06-04 15:19:12
e3_factual_410m_reduced,EleutherAI/pythia-410m-deduped,step8000,8000,0,factual_association,post_continuation,mean_gold_logprob,-10.714003529548645,2026-06-04 15:19:12
e3_factual_410m_reduced,EleutherAI/pythia-410m-deduped,step8000,8000,0,factual_association,post_continuation,n_items,400,2026-06-04 15:19:12
e3_factual_410m_reduced,EleutherAI/pythia-410m-deduped,step8000,8000,0,factual_association,post_degradation_k16,accuracy,0.0125,2026-06-04 15:19:53,16,4
e3_factual_410m_reduced,EleutherAI/pythia-410m-deduped,step8000,8000,0,factual_association,post_degradation_k16,mean_margin,-3.115951656103134,2026-06-04 15:19:53,16,4
e3_factual_410m_reduced,EleutherAI/pythia-410m-deduped,step8000,8000,0,factual_association,post_degradation_k16,median_margin,-3.044393539428711,2026-06-04 15:19:53,16,4
e3_factual_410m_reduced,EleutherAI/pythia-410m-deduped,step8000,8000,0,factual_association,post_degradation_k16,mean_gold_logprob,-9.00478017807007,2026-06-04 15:19:53,16,4
e3_factual_410m_reduced,EleutherAI/pythia-410m-deduped,step8000,8000,0,factual_association,post_degradation_k16,n_items,400,2026-06-04 15:19:53,16,4
e3_factual_410m_reduced,EleutherAI/pythia-410m-deduped,step8000,8000,0,factual_association,post_degradation_k64,accuracy,0.0025,2026-06-04 15:20:36,64,16
e3_factual_410m_reduced,EleutherAI/pythia-410m-deduped,step8000,8000,0,factual_association,post_degradation_k64,mean_margin,-2.3213519477844238,2026-06-04 15:20:36,64,16
e3_factual_410m_reduced,EleutherAI/pythia-410m-deduped,step8000,8000,0,factual_association,post_degradation_k64,median_margin,-2.2619800567626953,2026-06-04 15:20:36,64,16
e3_factual_410m_reduced,EleutherAI/pythia-410m-deduped,step8000,8000,0,factual_association,post_degradation_k64,mean_gold_logprob,-8.332044422626495,2026-06-04 15:20:36,64,16
e3_factual_410m_reduced,EleutherAI/pythia-410m-deduped,step8000,8000,0,factual_association,post_degradation_k64,n_items,400,2026-06-04 15:20:36,64,16
e3_factual_410m_reduced,EleutherAI/pythia-410m-deduped,step8000,8000,0,factual_association,post_degradation_k256,accuracy,0.015,2026-06-04 15:21:27,256,64
e3_factual_410m_reduced,EleutherAI/pythia-410m-deduped,step8000,8000,0,factual_association,post_degradation_k256,mean_margin,-2.05414471745491,2026-06-04 15:21:27,256,64
e3_factual_410m_reduced,EleutherAI/pythia-410m-deduped,step8000,8000,0,factual_association,post_degradation_k256,median_margin,-2.0022292137145996,2026-06-04 15:21:27,256,64
e3_factual_410m_reduced,EleutherAI/pythia-410m-deduped,step8000,8000,0,factual_association,post_degradation_k256,mean_gold_logprob,-7.98799777507782,2026-06-04 15:21:27,256,64
e3_factual_410m_reduced,EleutherAI/pythia-410m-deduped,step8000,8000,0,factual_association,post_degradation_k256,n_items,400,2026-06-04 15:21:27,256,64
e3_factual_410m_reduced,EleutherAI/pythia-410m-deduped,step8000,8000,0,factual_association,cell_complete,cell_complete,1.0,2026-06-04 15:21:27
e3_factual_410m_reduced,EleutherAI/pythia-410m-deduped,step8000,8000,1,factual_association,base,accuracy,0.175,2026-06-04 15:22:09
e3_factual_410m_reduced,EleutherAI/pythia-410m-deduped,step8000,8000,1,factual_association,base,mean_margin,-1.431541817188263,2026-06-04 15:22:09
e3_factual_410m_reduced,EleutherAI/pythia-410m-deduped,step8000,8000,1,factual_association,base,median_margin,-1.3926219940185547,2026-06-04 15:22:09
e3_factual_410m_reduced,EleutherAI/pythia-410m-deduped,step8000,8000,1,factual_association,base,mean_gold_logprob,-13.110756342411042,2026-06-04 15:22:09
e3_factual_410m_reduced,EleutherAI/pythia-410m-deduped,step8000,8000,1,factual_association,base,n_items,400,2026-06-04 15:22:09
e3_factual_410m_reduced,EleutherAI/pythia-410m-deduped,step8000,8000,1,factual_association,post_injection,accuracy,0.005,2026-06-04 15:23:32
e3_factual_410m_reduced,EleutherAI/pythia-410m-deduped,step8000,8000,1,factual_association,post_injection,mean_margin,-3.1247443997859956,2026-06-04 15:23:32
e3_factual_410m_reduced,EleutherAI/pythia-410m-deduped,step8000,8000,1,factual_association,post_injection,median_margin,-3.0545272827148438,2026-06-04 15:23:32
e3_factual_410m_reduced,EleutherAI/pythia-410m-deduped,step8000,8000,1,factual_association,post_injection,mean_gold_logprob,-8.837405387163162,2026-06-04 15:23:32
e3_factual_410m_reduced,EleutherAI/pythia-410m-deduped,step8000,8000,1,factual_association,post_injection,n_items,400,2026-06-04 15:23:32
e3_factual_410m_reduced,EleutherAI/pythia-410m-deduped,step8000,8000,1,factual_association,post_continuation,accuracy,0.005,2026-06-04 15:24:48
e3_factual_410m_reduced,EleutherAI/pythia-410m-deduped,step8000,8000,1,factual_association,post_continuation,mean_margin,-3.113228976726532,2026-06-04 15:24:48
e3_factual_410m_reduced,EleutherAI/pythia-410m-deduped,step8000,8000,1,factual_association,post_continuation,median_margin,-3.0398993492126465,2026-06-04 15:24:48
e3_factual_410m_reduced,EleutherAI/pythia-410m-deduped,step8000,8000,1,factual_association,post_continuation,mean_gold_logprob,-8.901810295581818,2026-06-04 15:24:48
e3_factual_410m_reduced,EleutherAI/pythia-410m-deduped,step8000,8000,1,factual_association,post_continuation,n_items,400,2026-06-04 15:24:48
e3_factual_410m_reduced,EleutherAI/pythia-410m-deduped,step8000,8000,1,factual_association,post_degradation_k16,accuracy,0.0075,2026-06-04 15:25:28,16,4
e3_factual_410m_reduced,EleutherAI/pythia-410m-deduped,step8000,8000,1,factual_association,post_degradation_k16,mean_margin,-2.6934621006250383,2026-06-04 15:25:28,16,4
e3_factual_410m_reduced,EleutherAI/pythia-410m-deduped,step8000,8000,1,factual_association,post_degradation_k16,median_margin,-2.632293224334717,2026-06-04 15:25:28,16,4
e3_factual_410m_reduced,EleutherAI/pythia-410m-deduped,step8000,8000,1,factual_association,post_degradation_k16,mean_gold_logprob,-8.556373034715653,2026-06-04 15:25:28,16,4
e3_factual_410m_reduced,EleutherAI/pythia-410m-deduped,step8000,8000,1,factual_association,post_degradation_k16,n_items,400,2026-06-04 15:25:28,16,4
e3_factual_410m_reduced,EleutherAI/pythia-410m-deduped,step8000,8000,1,factual_association,post_degradation_k64,accuracy,0.02,2026-06-04 15:26:11,64,16
e3_factual_410m_reduced,EleutherAI/pythia-410m-deduped,step8000,8000,1,factual_association,post_degradation_k64,mean_margin,-2.0783163177967072,2026-06-04 15:26:11,64,16
e3_factual_410m_reduced,EleutherAI/pythia-410m-deduped,step8000,8000,1,factual_association,post_degradation_k64,median_margin,-1.9817914962768555,2026-06-04 15:26:11,64,16
e3_factual_410m_reduced,EleutherAI/pythia-410m-deduped,step8000,8000,1,factual_association,post_degradation_k64,mean_gold_logprob,-8.228188697099686,2026-06-04 15:26:11,64,16
e3_factual_410m_reduced,EleutherAI/pythia-410m-deduped,step8000,8000,1,factual_association,post_degradation_k64,n_items,400,2026-06-04 15:26:11,64,16
e3_factual_410m_reduced,EleutherAI/pythia-410m-deduped,step8000,8000,1,factual_association,post_degradation_k256,accuracy,0.02,2026-06-04 15:27:01,256,64
e3_factual_410m_reduced,EleutherAI/pythia-410m-deduped,step8000,8000,1,factual_association,post_degradation_k256,mean_margin,-2.0853099024295805,2026-06-04 15:27:01,256,64
e3_factual_410m_reduced,EleutherAI/pythia-410m-deduped,step8000,8000,1,factual_association,post_degradation_k256,median_margin,-1.9423789978027344,2026-06-04 15:27:01,256,64
e3_factual_410m_reduced,EleutherAI/pythia-410m-deduped,step8000,8000,1,factual_association,post_degradation_k256,mean_gold_logprob,-8.005119279623031,2026-06-04 15:27:01,256,64
e3_factual_410m_reduced,EleutherAI/pythia-410m-deduped,step8000,8000,1,factual_association,post_degradation_k256,n_items,400,2026-06-04 15:27:01,256,64
e3_factual_410m_reduced,EleutherAI/pythia-410m-deduped,step8000,8000,1,factual_association,cell_complete,cell_complete,1.0,2026-06-04 15:27:01
e3_factual_410m_reduced,EleutherAI/pythia-410m-deduped,step143000,143000,0,factual_association,base,accuracy,0.1875,2026-06-04 15:28:00
e3_factual_410m_reduced,EleutherAI/pythia-410m-deduped,step143000,143000,0,factual_association,base,mean_margin,-1.1437095618247985,2026-06-04 15:28:00
e3_factual_410m_reduced,EleutherAI/pythia-410m-deduped,step143000,143000,0,factual_association,base,median_margin,-1.0745277404785156,2026-06-04 15:28:00
e3_factual_410m_reduced,EleutherAI/pythia-410m-deduped,step143000,143000,0,factual_association,base,mean_gold_logprob,-11.838661296367645,2026-06-04 15:28:00
e3_factual_410m_reduced,EleutherAI/pythia-410m-deduped,step143000,143000,0,factual_association,base,n_items,400,2026-06-04 15:28:00
e3_factual_410m_reduced,EleutherAI/pythia-410m-deduped,step143000,143000,0,factual_association,post_injection,accuracy,0.0025,2026-06-04 15:29:23
e3_factual_410m_reduced,EleutherAI/pythia-410m-deduped,step143000,143000,0,factual_association,post_injection,mean_margin,-4.309316111803055,2026-06-04 15:29:23
e3_factual_410m_reduced,EleutherAI/pythia-410m-deduped,step143000,143000,0,factual_association,post_injection,median_margin,-4.2989349365234375,2026-06-04 15:29:23
e3_factual_410m_reduced,EleutherAI/pythia-410m-deduped,step143000,143000,0,factual_association,post_injection,mean_gold_logprob,-9.986450060606003,2026-06-04 15:29:23
e3_factual_410m_reduced,EleutherAI/pythia-410m-deduped,step143000,143000,0,factual_association,post_injection,n_items,400,2026-06-04 15:29:23
e3_factual_410m_reduced,EleutherAI/pythia-410m-deduped,step143000,143000,0,factual_association,post_continuation,accuracy,0.065,2026-06-04 15:30:38
e3_factual_410m_reduced,EleutherAI/pythia-410m-deduped,step143000,143000,0,factual_association,post_continuation,mean_margin,-3.8841428995132445,2026-06-04 15:30:38
e3_factual_410m_reduced,EleutherAI/pythia-410m-deduped,step143000,143000,0,factual_association,post_continuation,median_margin,-3.739380359649658,2026-06-04 15:30:38
e3_factual_410m_reduced,EleutherAI/pythia-410m-deduped,step143000,143000,0,factual_association,post_continuation,mean_gold_logprob,-15.534479949474335,2026-06-04 15:30:38
e3_factual_410m_reduced,EleutherAI/pythia-410m-deduped,step143000,143000,0,factual_association,post_continuation,n_items,400,2026-06-04 15:30:38
e3_factual_410m_reduced,EleutherAI/pythia-410m-deduped,step143000,143000,0,factual_association,post_degradation_k16,accuracy,0.0025,2026-06-04 15:31:19,16,4
e3_factual_410m_reduced,EleutherAI/pythia-410m-deduped,step143000,143000,0,factual_association,post_degradation_k16,mean_margin,-3.901878151893616,2026-06-04 15:31:19,16,4
e3_factual_410m_reduced,EleutherAI/pythia-410m-deduped,step143000,143000,0,factual_association,post_degradation_k16,median_margin,-3.7998571395874023,2026-06-04 15:31:19,16,4
e3_factual_410m_reduced,EleutherAI/pythia-410m-deduped,step143000,143000,0,factual_association,post_degradation_k16,mean_gold_logprob,-9.579450507164001,2026-06-04 15:31:19,16,4
e3_factual_410m_reduced,EleutherAI/pythia-410m-deduped,step143000,143000,0,factual_association,post_degradation_k16,n_items,400,2026-06-04 15:31:19,16,4
e3_factual_410m_reduced,EleutherAI/pythia-410m-deduped,step143000,143000,0,factual_association,post_degradation_k64,accuracy,0.005,2026-06-04 15:32:02,64,16
e3_factual_410m_reduced,EleutherAI/pythia-410m-deduped,step143000,143000,0,factual_association,post_degradation_k64,mean_margin,-3.4902699112892153,2026-06-04 15:32:02,64,16
e3_factual_410m_reduced,EleutherAI/pythia-410m-deduped,step143000,143000,0,factual_association,post_degradation_k64,median_margin,-3.4901533126831055,2026-06-04 15:32:02,64,16
e3_factual_410m_reduced,EleutherAI/pythia-410m-deduped,step143000,143000,0,factual_association,post_degradation_k64,mean_gold_logprob,-9.251425743103027,2026-06-04 15:32:02,64,16
e3_factual_410m_reduced,EleutherAI/pythia-410m-deduped,step143000,143000,0,factual_association,post_degradation_k64,n_items,400,2026-06-04 15:32:02,64,16
e3_factual_410m_reduced,EleutherAI/pythia-410m-deduped,step143000,143000,0,factual_association,post_degradation_k256,accuracy,0.1025,2026-06-04 15:32:53,256,64
e3_factual_410m_reduced,EleutherAI/pythia-410m-deduped,step143000,143000,0,factual_association,post_degradation_k256,mean_margin,-1.8646972972154616,2026-06-04 15:32:53,256,64
e3_factual_410m_reduced,EleutherAI/pythia-410m-deduped,step143000,143000,0,factual_association,post_degradation_k256,median_margin,-1.9399213790893555,2026-06-04 15:32:53,256,64
e3_factual_410m_reduced,EleutherAI/pythia-410m-deduped,step143000,143000,0,factual_association,post_degradation_k256,mean_gold_logprob,-7.794954912662506,2026-06-04 15:32:53,256,64
e3_factual_410m_reduced,EleutherAI/pythia-410m-deduped,step143000,143000,0,factual_association,post_degradation_k256,n_items,400,2026-06-04 15:32:53,256,64
e3_factual_410m_reduced,EleutherAI/pythia-410m-deduped,step143000,143000,0,factual_association,cell_complete,cell_complete,1.0,2026-06-04 15:32:53
e3_factual_410m_reduced,EleutherAI/pythia-410m-deduped,step143000,143000,1,factual_association,base,accuracy,0.1675,2026-06-04 15:33:34
e3_factual_410m_reduced,EleutherAI/pythia-410m-deduped,step143000,143000,1,factual_association,base,mean_margin,-1.3998358070850372,2026-06-04 15:33:34
e3_factual_410m_reduced,EleutherAI/pythia-410m-deduped,step143000,143000,1,factual_association,base,median_margin,-1.1946172714233398,2026-06-04 15:33:34
e3_factual_410m_reduced,EleutherAI/pythia-410m-deduped,step143000,143000,1,factual_association,base,mean_gold_logprob,-12.005356435775758,2026-06-04 15:33:34
e3_factual_410m_reduced,EleutherAI/pythia-410m-deduped,step143000,143000,1,factual_association,base,n_items,400,2026-06-04 15:33:34
e3_factual_410m_reduced,EleutherAI/pythia-410m-deduped,step143000,143000,1,factual_association,post_injection,accuracy,0.005,2026-06-04 15:34:57
e3_factual_410m_reduced,EleutherAI/pythia-410m-deduped,step143000,143000,1,factual_association,post_injection,mean_margin,-4.369918612837791,2026-06-04 15:34:57
e3_factual_410m_reduced,EleutherAI/pythia-410m-deduped,step143000,143000,1,factual_association,post_injection,median_margin,-4.3652801513671875,2026-06-04 15:34:57
e3_factual_410m_reduced,EleutherAI/pythia-410m-deduped,step143000,143000,1,factual_association,post_injection,mean_gold_logprob,-9.995748319625854,2026-06-04 15:34:57
e3_factual_410m_reduced,EleutherAI/pythia-410m-deduped,step143000,143000,1,factual_association,post_injection,n_items,400,2026-06-04 15:34:57
e3_factual_410m_reduced,EleutherAI/pythia-410m-deduped,step143000,143000,1,factual_association,post_continuation,accuracy,0.005,2026-06-04 15:36:12
e3_factual_410m_reduced,EleutherAI/pythia-410m-deduped,step143000,143000,1,factual_association,post_continuation,mean_margin,-4.439342356324196,2026-06-04 15:36:12
e3_factual_410m_reduced,EleutherAI/pythia-410m-deduped,step143000,143000,1,factual_association,post_continuation,median_margin,-4.309144973754883,2026-06-04 15:36:12
e3_factual_410m_reduced,EleutherAI/pythia-410m-deduped,step143000,143000,1,factual_association,post_continuation,mean_gold_logprob,-11.336321411132813,2026-06-04 15:36:12
e3_factual_410m_reduced,EleutherAI/pythia-410m-deduped,step143000,143000,1,factual_association,post_continuation,n_items,400,2026-06-04 15:36:12
e3_factual_410m_reduced,EleutherAI/pythia-410m-deduped,step143000,143000,1,factual_association,post_degradation_k16,accuracy,0.005,2026-06-04 15:36:53,16,4
e3_factual_410m_reduced,EleutherAI/pythia-410m-deduped,step143000,143000,1,factual_association,post_degradation_k16,mean_margin,-4.039848429560661,2026-06-04 15:36:53,16,4
e3_factual_410m_reduced,EleutherAI/pythia-410m-deduped,step143000,143000,1,factual_association,post_degradation_k16,median_margin,-4.034014701843262,2026-06-04 15:36:53,16,4
e3_factual_410m_reduced,EleutherAI/pythia-410m-deduped,step143000,143000,1,factual_association,post_degradation_k16,mean_gold_logprob,-9.7563620698452,2026-06-04 15:36:53,16,4
e3_factual_410m_reduced,EleutherAI/pythia-410m-deduped,step143000,143000,1,factual_association,post_degradation_k16,n_items,400,2026-06-04 15:36:53,16,4
e3_factual_410m_reduced,EleutherAI/pythia-410m-deduped,step143000,143000,1,factual_association,post_degradation_k64,accuracy,0.0075,2026-06-04 15:37:35,64,16
e3_factual_410m_reduced,EleutherAI/pythia-410m-deduped,step143000,143000,1,factual_association,post_degradation_k64,mean_margin,-3.296628605723381,2026-06-04 15:37:35,64,16
e3_factual_410m_reduced,EleutherAI/pythia-410m-deduped,step143000,143000,1,factual_association,post_degradation_k64,median_margin,-3.3135037422180176,2026-06-04 15:37:35,64,16
e3_factual_410m_reduced,EleutherAI/pythia-410m-deduped,step143000,143000,1,factual_association,post_degradation_k64,mean_gold_logprob,-9.287494693994523,2026-06-04 15:37:35,64,16
e3_factual_410m_reduced,EleutherAI/pythia-410m-deduped,step143000,143000,1,factual_association,post_degradation_k64,n_items,400,2026-06-04 15:37:35,64,16
e3_factual_410m_reduced,EleutherAI/pythia-410m-deduped,step143000,143000,1,factual_association,post_degradation_k256,accuracy,0.055,2026-06-04 15:38:25,256,64
e3_factual_410m_reduced,EleutherAI/pythia-410m-deduped,step143000,143000,1,factual_association,post_degradation_k256,mean_margin,-2.4409193432331087,2026-06-04 15:38:25,256,64
e3_factual_410m_reduced,EleutherAI/pythia-410m-deduped,step143000,143000,1,factual_association,post_degradation_k256,median_margin,-2.4470486640930176,2026-06-04 15:38:25,256,64
e3_factual_410m_reduced,EleutherAI/pythia-410m-deduped,step143000,143000,1,factual_association,post_degradation_k256,mean_gold_logprob,-8.32848316669464,2026-06-04 15:38:25,256,64
e3_factual_410m_reduced,EleutherAI/pythia-410m-deduped,step143000,143000,1,factual_association,post_degradation_k256,n_items,400,2026-06-04 15:38:25,256,64
e3_factual_410m_reduced,EleutherAI/pythia-410m-deduped,step143000,143000,1,factual_association,cell_complete,cell_complete,1.0,2026-06-04 15:38:25
