step_num,metric,module_family,value_mean,value_sem,n
1,effective_rank,Attention,675.1882943451882,11.925512835270473,24
2,effective_rank,Attention,675.1881211270422,11.925541613703013,24
4,effective_rank,Attention,675.1881210939517,11.92556018356561,24
8,effective_rank,Attention,675.1882240211413,11.925533122296141,24
16,effective_rank,Attention,675.1882961744066,11.925519169849103,24
32,effective_rank,Attention,675.1842545902273,11.926281298281141,24
64,effective_rank,Attention,675.1718035892794,11.928673076636814,24
128,effective_rank,Attention,675.100160333331,11.933266347464297,24
256,effective_rank,Attention,674.6293143392205,11.927368390227835,24
512,effective_rank,Attention,672.1444467172533,12.131087937163413,24
1000,effective_rank,Attention,657.392702045977,14.314736712403771,24
2000,effective_rank,Attention,634.291143926081,16.28343036771117,24
3000,effective_rank,Attention,631.2273692284451,14.917366425217445,24
4000,effective_rank,Attention,630.2807120855957,13.850900776900835,24
5000,effective_rank,Attention,629.8174616026337,13.174135965672042,24
6000,effective_rank,Attention,629.6606414446568,12.760456343931294,24
7000,effective_rank,Attention,629.5792226094255,12.522591159603396,24
8000,effective_rank,Attention,629.6488525515749,12.379121425190021,24
9000,effective_rank,Attention,629.7053022793468,12.304356297558359,24
10000,effective_rank,Attention,629.7777451496474,12.263521078726242,24
11000,effective_rank,Attention,629.8165806779501,12.257323177550193,24
12000,effective_rank,Attention,629.9172989575234,12.250937076456411,24
13000,effective_rank,Attention,629.8596448144356,12.269249507968365,24
14000,effective_rank,Attention,629.8930656262154,12.273215581608099,24
15000,effective_rank,Attention,629.8418507798576,12.295144343415494,24
16000,effective_rank,Attention,629.8115225141371,12.30824184694301,24
17000,effective_rank,Attention,629.7037816235116,12.31177498674157,24
18000,effective_rank,Attention,629.5574103448599,12.298767881503673,24
19000,effective_rank,Attention,629.2103520187516,12.284531098048658,24
20000,effective_rank,Attention,628.8993509454948,12.247481723434472,24
21000,effective_rank,Attention,628.2002329345745,12.191467518722394,24
22000,effective_rank,Attention,627.3507546988322,12.148219761174007,24
23000,effective_rank,Attention,626.680436431017,12.140600543070377,24
24000,effective_rank,Attention,626.1895714010429,12.139713482496008,24
25000,effective_rank,Attention,625.6505658020332,12.167134654549923,24
26000,effective_rank,Attention,625.1065518310282,12.190199504779024,24
27000,effective_rank,Attention,624.6819118538087,12.200000756699813,24
28000,effective_rank,Attention,624.1786778537493,12.227331965737502,24
29000,effective_rank,Attention,623.7959972594107,12.22620585182441,24
30000,effective_rank,Attention,623.3530069668268,12.218893888006484,24
31000,effective_rank,Attention,622.7918704348037,12.221081870368423,24
32000,effective_rank,Attention,622.2537826555707,12.190301019352432,24
33000,effective_rank,Attention,621.6577753389379,12.164157632464805,24
34000,effective_rank,Attention,620.8854347521914,12.151176323344927,24
35000,effective_rank,Attention,620.1448765485087,12.142805751291066,24
36000,effective_rank,Attention,619.3695847543796,12.140600785594591,24
37000,effective_rank,Attention,618.6531963029971,12.138896766210475,24
38000,effective_rank,Attention,617.8391731924115,12.174006363544217,24
39000,effective_rank,Attention,617.0810753611572,12.207603720823588,24
40000,effective_rank,Attention,616.3942841344119,12.233061377354835,24
41000,effective_rank,Attention,615.7429762904868,12.259769372916072,24
42000,effective_rank,Attention,615.1279616163488,12.284930687789444,24
43000,effective_rank,Attention,614.5233721610094,12.318154566170039,24
44000,effective_rank,Attention,613.9824371307064,12.346269471306575,24
45000,effective_rank,Attention,613.4578866530738,12.371646888154782,24
46000,effective_rank,Attention,613.0405901311586,12.392678919408006,24
47000,effective_rank,Attention,612.588351131432,12.423634323098568,24
48000,effective_rank,Attention,612.1448426590908,12.452675787758492,24
49000,effective_rank,Attention,611.7776564679394,12.466884776650803,24
50000,effective_rank,Attention,611.4689492150184,12.474750226406531,24
51000,effective_rank,Attention,611.1184955840457,12.482631848971367,24
52000,effective_rank,Attention,610.7085455970982,12.488411266283647,24
53000,effective_rank,Attention,610.5679343176572,12.459152303234594,24
54000,effective_rank,Attention,610.0431881753965,12.471608306575463,24
55000,effective_rank,Attention,609.688994464294,12.462930650823544,24
56000,effective_rank,Attention,609.3888317955252,12.464348072478371,24
57000,effective_rank,Attention,608.9202324922333,12.48376248165566,24
58000,effective_rank,Attention,608.5222344685957,12.504478833737428,24
59000,effective_rank,Attention,608.1411489612602,12.521530482756852,24
60000,effective_rank,Attention,607.893625725227,12.529598304866607,24
61000,effective_rank,Attention,607.5072204337936,12.556992081391044,24
62000,effective_rank,Attention,607.1391528408964,12.580271061016388,24
63000,effective_rank,Attention,605.7486345961138,12.652787942247988,24
64000,effective_rank,Attention,605.6354837627564,12.593614089156645,24
65000,effective_rank,Attention,605.4001807630212,12.584831648607619,24
66000,effective_rank,Attention,605.0413282868249,12.587004037411456,24
67000,effective_rank,Attention,604.7670054074705,12.583499572269451,24
68000,effective_rank,Attention,604.3927923458003,12.590327063366969,24
69000,effective_rank,Attention,603.8593236017017,12.618394904979898,24
70000,effective_rank,Attention,603.7525775051148,12.582058816931989,24
71000,effective_rank,Attention,603.01416031872,12.639855383365653,24
72000,effective_rank,Attention,601.7298794182408,12.726880710651022,24
73000,effective_rank,Attention,601.1496518279486,12.720019555011286,24
74000,effective_rank,Attention,599.7784293324763,12.80329045641874,24
75000,effective_rank,Attention,599.5631495469713,12.776643915591722,24
76000,effective_rank,Attention,599.2169804662732,12.787750095469962,24
77000,effective_rank,Attention,598.5521064465325,12.828570498936527,24
78000,effective_rank,Attention,597.6706171483909,12.874445157890554,24
79000,effective_rank,Attention,597.4818165599046,12.869505919428512,24
80000,effective_rank,Attention,597.0481105026169,12.894819038282064,24
81000,effective_rank,Attention,595.8871456282208,12.984275957843618,24
82000,effective_rank,Attention,595.0181725020394,13.03983975631799,24
83000,effective_rank,Attention,594.2130297136991,13.087877912127158,24
84000,effective_rank,Attention,593.0579635585008,13.17612314399319,24
85000,effective_rank,Attention,591.4584623324771,13.296699314501197,24
86000,effective_rank,Attention,590.8155398810413,13.331850239817568,24
87000,effective_rank,Attention,590.1332352756878,13.38090993547477,24
88000,effective_rank,Attention,589.6195812950962,13.42216539160992,24
89000,effective_rank,Attention,589.1186242018385,13.462078977511183,24
90000,effective_rank,Attention,587.9095204135555,13.580090003538391,24
91000,effective_rank,Attention,586.8947748473997,13.672791349129634,24
92000,effective_rank,Attention,586.1283841903272,13.734812836389652,24
93000,effective_rank,Attention,585.0670987381915,13.827658709819863,24
94000,effective_rank,Attention,583.9000975689027,13.930055531693458,24
95000,effective_rank,Attention,581.8606668569386,14.153912786308181,24
96000,effective_rank,Attention,580.7273701932538,14.258663751493984,24
97000,effective_rank,Attention,579.2089065420158,14.423728194385308,24
98000,effective_rank,Attention,577.6318728660627,14.590209722560921,24
99000,effective_rank,Attention,575.9893320795048,14.77026553504702,24
100000,effective_rank,Attention,574.348787053857,14.946152398036222,24
101000,effective_rank,Attention,572.9937430073066,15.06800058752459,24
102000,effective_rank,Attention,571.8105211424366,15.16637183455596,24
103000,effective_rank,Attention,570.5982246218481,15.272229744540398,24
104000,effective_rank,Attention,569.350296062256,15.399456876538066,24
105000,effective_rank,Attention,567.6519612088283,15.644360661196686,24
106000,effective_rank,Attention,566.5778146329739,15.758045877508032,24
107000,effective_rank,Attention,565.3388966656245,15.947851088679112,24
108000,effective_rank,Attention,564.3079738514195,16.15235305077622,24
109000,effective_rank,Attention,563.355685375591,16.3363918893833,24
110000,effective_rank,Attention,562.6445589940339,16.464778749482164,24
111000,effective_rank,Attention,561.9364704200262,16.635213765431985,24
112000,effective_rank,Attention,561.3480072938829,16.797983509311337,24
113000,effective_rank,Attention,560.8074702843543,16.881368415982408,24
114000,effective_rank,Attention,560.342509875412,16.964433807702815,24
115000,effective_rank,Attention,559.8789186123696,17.114915770473637,24
116000,effective_rank,Attention,559.3920861738326,17.234990218841503,24
117000,effective_rank,Attention,558.8098967629506,17.406484492592494,24
118000,effective_rank,Attention,557.837212904719,17.67363940080198,24
119000,effective_rank,Attention,556.914833409675,17.937465432513843,24
120000,effective_rank,Attention,556.0207491201273,18.201957724704364,24
121000,effective_rank,Attention,555.0480754166197,18.494004293198664,24
122000,effective_rank,Attention,554.4865768574592,18.66553037114923,24
123000,effective_rank,Attention,554.1893213030727,18.7391736585303,24
124000,effective_rank,Attention,553.8573625923561,18.79893080075376,24
125000,effective_rank,Attention,553.6982037119656,18.80467121634683,24
126000,effective_rank,Attention,553.2497078178126,18.875033955057933,24
127000,effective_rank,Attention,552.8715448682098,18.913440581895422,24
128000,effective_rank,Attention,552.7190823888911,18.899789778127385,24
129000,effective_rank,Attention,552.6849558947044,18.86974516769869,24
130000,effective_rank,Attention,552.7101244679196,18.828178779106366,24
131000,effective_rank,Attention,552.625319773502,18.81006053678849,24
132000,effective_rank,Attention,552.2853046091292,18.821748830963035,24
133000,effective_rank,Attention,552.1715516274065,18.791688596250086,24
134000,effective_rank,Attention,552.2474690835662,18.741527219024057,24
135000,effective_rank,Attention,552.3673132465765,18.69853662266873,24
136000,effective_rank,Attention,552.4255233154666,18.661750009619478,24
137000,effective_rank,Attention,552.416179927672,18.631740484629347,24
138000,effective_rank,Attention,552.3223637196046,18.61949893339783,24
139000,effective_rank,Attention,552.2446783284439,18.59836048456716,24
140000,effective_rank,Attention,552.2226051869478,18.572221060657384,24
141000,effective_rank,Attention,552.2341178632082,18.54061279098061,24
142000,effective_rank,Attention,552.2330156216597,18.519969032495787,24
143000,effective_rank,Attention,552.2617303481414,18.498767113121428,24
1,effective_rank,MLP,742.0326714470565,0.014715873469365363,24
2,effective_rank,MLP,742.0327248188133,0.014715685850078866,24
4,effective_rank,MLP,742.0326173516437,0.014724605786266212,24
8,effective_rank,MLP,742.0326003863802,0.014709484318000359,24
16,effective_rank,MLP,742.0325757141148,0.014705499247672046,24
32,effective_rank,MLP,742.0302539845258,0.014672730896041656,24
64,effective_rank,MLP,742.014772178591,0.015040669794017704,24
128,effective_rank,MLP,741.9469416400639,0.022607202798157665,24
256,effective_rank,MLP,741.8323445977286,0.04258960625781129,24
512,effective_rank,MLP,741.2272719193439,0.17792723829295612,24
1000,effective_rank,MLP,735.4160193255183,1.188655316724555,24
2000,effective_rank,MLP,724.1120387857114,1.629060727130375,24
3000,effective_rank,MLP,721.6216373660023,1.4600878289706751,24
4000,effective_rank,MLP,719.9503250170409,1.7603172933082039,24
5000,effective_rank,MLP,718.7541118543477,2.0609892042167646,24
6000,effective_rank,MLP,717.922651895835,2.2699467625267706,24
7000,effective_rank,MLP,717.3355472094568,2.4112791595482217,24
8000,effective_rank,MLP,716.881560971732,2.4973309664241294,24
9000,effective_rank,MLP,716.5382750117561,2.5459531509762305,24
10000,effective_rank,MLP,716.2546315513131,2.568009885777882,24
11000,effective_rank,MLP,716.0464446081437,2.5794345631879745,24
12000,effective_rank,MLP,715.8652274539385,2.5751660452955583,24
13000,effective_rank,MLP,715.7060547979595,2.571346024262861,24
14000,effective_rank,MLP,715.5583218740375,2.558553632180151,24
15000,effective_rank,MLP,715.434582872083,2.5396829838130066,24
16000,effective_rank,MLP,715.3255539388452,2.5256823392661856,24
17000,effective_rank,MLP,715.2323768101509,2.5089183439936105,24
18000,effective_rank,MLP,715.1379428080339,2.4928476900615313,24
19000,effective_rank,MLP,715.0483548671867,2.4727092365920647,24
20000,effective_rank,MLP,714.9711714149568,2.4586357843527695,24
21000,effective_rank,MLP,714.8999699902719,2.442716788887922,24
22000,effective_rank,MLP,714.8061246271901,2.4249865860756405,24
23000,effective_rank,MLP,714.7619682171088,2.411012267642377,24
24000,effective_rank,MLP,714.705647872996,2.400365326287281,24
25000,effective_rank,MLP,714.644736519458,2.3903690693700157,24
26000,effective_rank,MLP,714.5891545524738,2.3817317622349465,24
27000,effective_rank,MLP,714.5526318869943,2.372963973689317,24
28000,effective_rank,MLP,714.491963461637,2.370307963872979,24
29000,effective_rank,MLP,714.4682646989891,2.3601326370353286,24
30000,effective_rank,MLP,714.4213509707979,2.3562415358543203,24
31000,effective_rank,MLP,714.3874218389527,2.349000207172303,24
32000,effective_rank,MLP,714.3625946585954,2.3431893504886863,24
33000,effective_rank,MLP,714.3083500558536,2.338805806962638,24
34000,effective_rank,MLP,714.2547153252067,2.3348168225600316,24
35000,effective_rank,MLP,714.2189816075693,2.3282734331283175,24
36000,effective_rank,MLP,714.1970533334811,2.3207290985333837,24
37000,effective_rank,MLP,714.1683468229979,2.316567300313017,24
38000,effective_rank,MLP,714.1418687009735,2.3136933328933598,24
39000,effective_rank,MLP,714.131039589618,2.308949743055993,24
40000,effective_rank,MLP,714.1163510671178,2.3086425519256006,24
41000,effective_rank,MLP,714.115000003786,2.3045606422005576,24
42000,effective_rank,MLP,714.1096873611904,2.304817481059938,24
43000,effective_rank,MLP,714.1134641544681,2.300865028434596,24
44000,effective_rank,MLP,714.1066913122527,2.2990477323817733,24
45000,effective_rank,MLP,714.1096499896603,2.2981454924408578,24
46000,effective_rank,MLP,714.1080008831709,2.2989961044604517,24
47000,effective_rank,MLP,714.0990421517364,2.300982385167639,24
48000,effective_rank,MLP,714.1008993848301,2.2985465689392868,24
49000,effective_rank,MLP,714.0926162650529,2.300389632713508,24
50000,effective_rank,MLP,714.0902885848815,2.302468342894184,24
51000,effective_rank,MLP,714.0934408701866,2.3005874464584437,24
52000,effective_rank,MLP,714.0842191505645,2.3015025066019463,24
53000,effective_rank,MLP,714.0937385217802,2.303275128217076,24
54000,effective_rank,MLP,714.0854498020053,2.301888419225429,24
55000,effective_rank,MLP,714.1056784622015,2.3023638630975034,24
56000,effective_rank,MLP,714.1089294441266,2.304669420059025,24
57000,effective_rank,MLP,714.1226490438909,2.3022199778611183,24
58000,effective_rank,MLP,714.1207564874826,2.3046842463693005,24
59000,effective_rank,MLP,714.123400031509,2.3066646492317893,24
60000,effective_rank,MLP,714.1209652715664,2.310368489139886,24
61000,effective_rank,MLP,714.1171898709858,2.311381545211811,24
62000,effective_rank,MLP,714.1232830398475,2.3139941419473433,24
63000,effective_rank,MLP,714.0872508632484,2.307311876578945,24
64000,effective_rank,MLP,714.1151635068027,2.3089596612351904,24
65000,effective_rank,MLP,714.1108921091545,2.3102747005297184,24
66000,effective_rank,MLP,714.114915808739,2.3123971363356777,24
67000,effective_rank,MLP,714.1091532301713,2.3146800822874796,24
68000,effective_rank,MLP,714.0888370361034,2.3182035095148428,24
69000,effective_rank,MLP,714.0749607491317,2.321650453929246,24
70000,effective_rank,MLP,714.0762764279771,2.326263792896826,24
71000,effective_rank,MLP,714.0488673567319,2.325602051996187,24
72000,effective_rank,MLP,714.0093514975691,2.3251098024313777,24
73000,effective_rank,MLP,713.9878663165847,2.3304286929798397,24
74000,effective_rank,MLP,713.9492526262411,2.3286070523112357,24
75000,effective_rank,MLP,713.9639725388224,2.33165597824205,24
76000,effective_rank,MLP,713.9525362413583,2.3371558332035973,24
77000,effective_rank,MLP,713.932335254526,2.3386054523041047,24
78000,effective_rank,MLP,713.904546179428,2.343533718927445,24
79000,effective_rank,MLP,713.8977789845552,2.348622850560795,24
80000,effective_rank,MLP,713.8949629321623,2.3506371488805184,24
81000,effective_rank,MLP,713.8621285247842,2.349924284228631,24
82000,effective_rank,MLP,713.8309323316711,2.3533812471668334,24
83000,effective_rank,MLP,713.8048298385455,2.3565729573660334,24
84000,effective_rank,MLP,713.7515947679349,2.3572764667878774,24
85000,effective_rank,MLP,713.6829938547497,2.353537377748033,24
86000,effective_rank,MLP,713.6606246818101,2.3555235656654254,24
87000,effective_rank,MLP,713.6282022004372,2.357187922294433,24
88000,effective_rank,MLP,713.6002235801135,2.358508760038957,24
89000,effective_rank,MLP,713.5765529481888,2.359700389662709,24
90000,effective_rank,MLP,713.4988743182616,2.355126894519567,24
91000,effective_rank,MLP,713.4163602810609,2.3521595546361724,24
92000,effective_rank,MLP,713.3543285350291,2.3539382435465317,24
93000,effective_rank,MLP,713.2744968511133,2.3533941987185942,24
94000,effective_rank,MLP,713.1899006793543,2.3548920223287633,24
95000,effective_rank,MLP,713.0819870023573,2.35245987433394,24
96000,effective_rank,MLP,713.0009055200017,2.358436861551495,24
97000,effective_rank,MLP,712.9293065506304,2.3599505056270185,24
98000,effective_rank,MLP,712.8386583269922,2.365143396009658,24
99000,effective_rank,MLP,712.7648173157132,2.36952092470963,24
100000,effective_rank,MLP,712.6908159712362,2.3735347638548965,24
101000,effective_rank,MLP,712.6176296657231,2.379431397584684,24
102000,effective_rank,MLP,712.5377074938652,2.386431458559941,24
103000,effective_rank,MLP,712.4548574253627,2.3941310453549285,24
104000,effective_rank,MLP,712.3666365224612,2.4012764135016913,24
105000,effective_rank,MLP,712.2576061198356,2.409710799313524,24
106000,effective_rank,MLP,712.1644424734218,2.419505561144616,24
107000,effective_rank,MLP,712.0721076794299,2.4268891034093083,24
108000,effective_rank,MLP,711.9790681810488,2.43239132946267,24
109000,effective_rank,MLP,711.8823581587153,2.442499884436563,24
110000,effective_rank,MLP,711.7811188804612,2.45346504011257,24
111000,effective_rank,MLP,711.706725037487,2.4624404511774016,24
112000,effective_rank,MLP,711.6396999317648,2.4700916674934006,24
113000,effective_rank,MLP,711.5606029689593,2.4817630818853,24
114000,effective_rank,MLP,711.4770216258977,2.491720063161902,24
115000,effective_rank,MLP,711.4242111085188,2.49699675985688,24
116000,effective_rank,MLP,711.3684195193565,2.5036996183265567,24
117000,effective_rank,MLP,711.3337855487407,2.5075641711804706,24
118000,effective_rank,MLP,711.3330022459526,2.5074277745116182,24
119000,effective_rank,MLP,711.3203071035676,2.5089845873981207,24
120000,effective_rank,MLP,711.3034269467475,2.5123019414532783,24
121000,effective_rank,MLP,711.2949389373686,2.5146927837457964,24
122000,effective_rank,MLP,711.2665124733404,2.519753897991176,24
123000,effective_rank,MLP,711.2144262948983,2.525369528712087,24
124000,effective_rank,MLP,711.1660623136386,2.5311935674879575,24
125000,effective_rank,MLP,711.1190245610284,2.5356512665006954,24
126000,effective_rank,MLP,711.0491671419892,2.5433573395621893,24
127000,effective_rank,MLP,711.0031504395228,2.5473316798064993,24
128000,effective_rank,MLP,710.9810656703581,2.5484973064675205,24
129000,effective_rank,MLP,710.9598439670713,2.5487169520181627,24
130000,effective_rank,MLP,710.9542139616833,2.5464351347763032,24
131000,effective_rank,MLP,710.9087118934398,2.548147656357969,24
132000,effective_rank,MLP,710.8528280309711,2.5535791322244936,24
133000,effective_rank,MLP,710.8475616661871,2.552952659195665,24
134000,effective_rank,MLP,710.870212037596,2.5479052594528846,24
135000,effective_rank,MLP,710.8782431784124,2.5432855787705777,24
136000,effective_rank,MLP,710.8746104474586,2.5410441631829404,24
137000,effective_rank,MLP,710.8724361263259,2.5387814046408113,24
138000,effective_rank,MLP,710.842456249099,2.539667877130107,24
139000,effective_rank,MLP,710.8322253118113,2.5397030024604255,24
140000,effective_rank,MLP,710.8314205481798,2.5377903650711966,24
141000,effective_rank,MLP,710.8462231882272,2.534387859285548,24
142000,effective_rank,MLP,710.8270436600792,2.5342579825351086,24
143000,effective_rank,MLP,710.8241989989236,2.53291592723273,24
1,frobenius_norm,Attention,17.492855401879925,2.68435434090507,24
2,frobenius_norm,Attention,17.492869042257563,2.684356428676741,24
4,frobenius_norm,Attention,17.49287806450313,2.6843577334661584,24
8,frobenius_norm,Attention,17.49286931142452,2.6843545964079083,24
16,frobenius_norm,Attention,17.492799325014914,2.6843286788366663,24
32,frobenius_norm,Attention,17.49298970355951,2.6842589863602093,24
64,frobenius_norm,Attention,17.494759542930122,2.684136471403903,24
128,frobenius_norm,Attention,17.510187899871465,2.6859677491856875,24
256,frobenius_norm,Attention,17.563402186415978,2.6931092421073486,24
512,frobenius_norm,Attention,17.71856325099974,2.7030842404181405,24
1000,frobenius_norm,Attention,18.3909779970765,2.6650287406912563,24
2000,frobenius_norm,Attention,21.25444314464838,2.42925443354705,24
3000,frobenius_norm,Attention,23.94672945077201,2.244871213116016,24
4000,frobenius_norm,Attention,26.234483845426286,2.148983044490632,24
5000,frobenius_norm,Attention,28.201752773927964,2.1110656709074145,24
6000,frobenius_norm,Attention,29.905063527472546,2.105650000471814,24
7000,frobenius_norm,Attention,31.375776825259962,2.116882246280224,24
8000,frobenius_norm,Attention,32.66195003698163,2.1382628390521066,24
9000,frobenius_norm,Attention,33.793647394587346,2.1650424155870884,24
10000,frobenius_norm,Attention,34.788287401914424,2.194147926329707,24
11000,frobenius_norm,Attention,35.66067866814411,2.2255878635647575,24
12000,frobenius_norm,Attention,36.440256425277674,2.257418533344335,24
13000,frobenius_norm,Attention,37.12305957553118,2.289673130227295,24
14000,frobenius_norm,Attention,37.72984647046412,2.3205661289710644,24
15000,frobenius_norm,Attention,38.27125398837365,2.3507858113914306,24
16000,frobenius_norm,Attention,38.75015578736929,2.379786091436135,24
17000,frobenius_norm,Attention,39.18113677036789,2.409926383225832,24
18000,frobenius_norm,Attention,39.57279265619079,2.440696221219451,24
19000,frobenius_norm,Attention,39.95031084973301,2.4773370381451674,24
20000,frobenius_norm,Attention,40.30402791432886,2.519263244185322,24
21000,frobenius_norm,Attention,40.68754408669836,2.591650743091202,24
22000,frobenius_norm,Attention,41.09343009084866,2.6972277395100233,24
23000,frobenius_norm,Attention,41.42872998025164,2.7948028269852694,24
24000,frobenius_norm,Attention,41.71874297990124,2.8808918417831335,24
25000,frobenius_norm,Attention,41.96169629101793,2.953902682676662,24
26000,frobenius_norm,Attention,42.19483649933539,3.0340316224819985,24
27000,frobenius_norm,Attention,42.402669844376,3.109941692704671,24
28000,frobenius_norm,Attention,42.590965102663496,3.184133793835341,24
29000,frobenius_norm,Attention,42.763048159191264,3.252151035626192,24
30000,frobenius_norm,Attention,42.92705025286935,3.3187854659029616,24
31000,frobenius_norm,Attention,43.09606473703747,3.394631197873963,24
32000,frobenius_norm,Attention,43.261986126503366,3.4631955157532057,24
33000,frobenius_norm,Attention,43.43005609711387,3.5387004425961615,24
34000,frobenius_norm,Attention,43.61653275158207,3.632029848276759,24
35000,frobenius_norm,Attention,43.7823809585592,3.7215793879814725,24
36000,frobenius_norm,Attention,43.9554334722581,3.8184003275146363,24
37000,frobenius_norm,Attention,44.13303261923205,3.9172751693416052,24
38000,frobenius_norm,Attention,44.308351168736145,4.022185330271312,24
39000,frobenius_norm,Attention,44.48239672956987,4.126256654953711,24
40000,frobenius_norm,Attention,44.65895573118741,4.232019391142875,24
41000,frobenius_norm,Attention,44.82902661739758,4.332550630811509,24
42000,frobenius_norm,Attention,44.98805739964851,4.426576226295842,24
43000,frobenius_norm,Attention,45.15125400382107,4.522698478738307,24
44000,frobenius_norm,Attention,45.29916400914502,4.614618569061723,24
45000,frobenius_norm,Attention,45.42386325171244,4.6973373033820875,24
46000,frobenius_norm,Attention,45.526820306000594,4.772048717076161,24
47000,frobenius_norm,Attention,45.63183941842093,4.852633018693201,24
48000,frobenius_norm,Attention,45.72601849975363,4.930363584662668,24
49000,frobenius_norm,Attention,45.78499306823708,4.994881958042201,24
50000,frobenius_norm,Attention,45.81317841865563,5.050554760113576,24
51000,frobenius_norm,Attention,45.84020900654037,5.105761910239873,24
52000,frobenius_norm,Attention,45.876572776576715,5.1718909936656,24
53000,frobenius_norm,Attention,45.85928833216304,5.207191753334105,24
54000,frobenius_norm,Attention,45.894770604170624,5.277782742085747,24
55000,frobenius_norm,Attention,45.894873983426606,5.327710206102405,24
56000,frobenius_norm,Attention,45.87295451013151,5.375020615730464,24
57000,frobenius_norm,Attention,45.873493290324056,5.43380204075269,24
58000,frobenius_norm,Attention,45.86897316386818,5.491180934426952,24
59000,frobenius_norm,Attention,45.84935999361169,5.543692750342805,24
60000,frobenius_norm,Attention,45.79428373162448,5.57706679587075,24
61000,frobenius_norm,Attention,45.778986617626124,5.632675167801914,24
62000,frobenius_norm,Attention,45.75878186452483,5.68477289920263,24
63000,frobenius_norm,Attention,45.92098664017783,5.822523163601215,24
64000,frobenius_norm,Attention,45.847362192090294,5.832474692444159,24
65000,frobenius_norm,Attention,45.77269923842264,5.857432094722892,24
66000,frobenius_norm,Attention,45.72027917638642,5.8917603847192765,24
67000,frobenius_norm,Attention,45.64859189842627,5.917990093277162,24
68000,frobenius_norm,Attention,45.583184526390106,5.949735416111886,24
69000,frobenius_norm,Attention,45.54176448604333,5.994243800469214,24
70000,frobenius_norm,Attention,45.43227046277915,5.998020875033068,24
71000,frobenius_norm,Attention,45.40121218395083,6.0535049457287435,24
72000,frobenius_norm,Attention,45.47870965734876,6.1559781848785,24
73000,frobenius_norm,Attention,45.45864261280127,6.190961974911144,24
74000,frobenius_norm,Attention,45.54057678756009,6.285860037969251,24
75000,frobenius_norm,Attention,45.455858646660914,6.293126140561576,24
76000,frobenius_norm,Attention,45.365808488391906,6.310706417595472,24
77000,frobenius_norm,Attention,45.31040303370054,6.34807325358775,24
78000,frobenius_norm,Attention,45.33274881420317,6.40690179290784,24
79000,frobenius_norm,Attention,45.217209719942815,6.411609989553686,24
80000,frobenius_norm,Attention,45.13483642119397,6.435001178775452,24
81000,frobenius_norm,Attention,45.17029288567081,6.50714378569498,24
82000,frobenius_norm,Attention,45.17919904695096,6.558303803459754,24
83000,frobenius_norm,Attention,45.20068303808748,6.609997946155442,24
84000,frobenius_norm,Attention,45.254031276054924,6.6789451323212345,24
85000,frobenius_norm,Attention,45.418915485121055,6.793181271482074,24
86000,frobenius_norm,Attention,45.40384441203054,6.828132300407163,24
87000,frobenius_norm,Attention,45.38472533017423,6.867919595852432,24
88000,frobenius_norm,Attention,45.33307334645077,6.899847767239957,24
89000,frobenius_norm,Attention,45.255183728905074,6.923568396517277,24
90000,frobenius_norm,Attention,45.30943285459361,7.0204668062153175,24
91000,frobenius_norm,Attention,45.36260604730092,7.105545993731196,24
92000,frobenius_norm,Attention,45.35116819938765,7.156814016577707,24
93000,frobenius_norm,Attention,45.3940994246229,7.230724940236071,24
94000,frobenius_norm,Attention,45.45532262099868,7.304472115261961,24
95000,frobenius_norm,Attention,45.72134030743606,7.455969450659203,24
96000,frobenius_norm,Attention,45.78465543266679,7.5143610715093985,24
97000,frobenius_norm,Attention,45.94514211261651,7.608374418182497,24
98000,frobenius_norm,Attention,46.13802092033014,7.708855174666882,24
99000,frobenius_norm,Attention,46.327904770381146,7.8114816234781745,24
100000,frobenius_norm,Attention,46.52658937490488,7.923521566908184,24
101000,frobenius_norm,Attention,46.65852426826566,8.016009239250423,24
102000,frobenius_norm,Attention,46.74269812488226,8.085862009624943,24
103000,frobenius_norm,Attention,46.85308124007191,8.16578123403638,24
104000,frobenius_norm,Attention,46.98669681902994,8.25419747253695,24
105000,frobenius_norm,Attention,47.34811365524726,8.440853890083336,24
106000,frobenius_norm,Attention,47.466828985910276,8.523576593225059,24
107000,frobenius_norm,Attention,47.69179755316093,8.657065840471695,24
108000,frobenius_norm,Attention,47.950389339457615,8.81498791819775,24
109000,frobenius_norm,Attention,48.131572048818384,8.942318174240802,24
110000,frobenius_norm,Attention,48.23431115553168,9.029175831817728,24
111000,frobenius_norm,Attention,48.405137061354,9.151751852463262,24
112000,frobenius_norm,Attention,48.60057021614906,9.288626630031676,24
113000,frobenius_norm,Attention,48.63302247628749,9.339843545677281,24
114000,frobenius_norm,Attention,48.66765707098407,9.389619840145311,24
115000,frobenius_norm,Attention,48.881042642595844,9.526862140557244,24
116000,frobenius_norm,Attention,49.035570500331566,9.631882002214391,24
117000,frobenius_norm,Attention,49.321199847474816,9.797456271884123,24
118000,frobenius_norm,Attention,49.890079366023336,10.094352772852561,24
119000,frobenius_norm,Attention,50.50737105201795,10.419979938036342,24
120000,frobenius_norm,Attention,51.150491967235496,10.761227506966446,24
121000,frobenius_norm,Attention,51.83105841124662,11.127781184086873,24
122000,frobenius_norm,Attention,52.26459211689536,11.367820794263064,24
123000,frobenius_norm,Attention,52.409088633068535,11.457281218871055,24
124000,frobenius_norm,Attention,52.51036657703233,11.518917136946325,24
125000,frobenius_norm,Attention,52.461804009491765,11.51180160454003,24
126000,frobenius_norm,Attention,52.57921933995567,11.568894496122049,24
127000,frobenius_norm,Attention,52.57128577191107,11.571922671366703,24
128000,frobenius_norm,Attention,52.4564161312554,11.536859111476446,24
129000,frobenius_norm,Attention,52.32134679637142,11.494746864686523,24
130000,frobenius_norm,Attention,52.169970420165946,11.449222790324177,24
131000,frobenius_norm,Attention,52.06368252063702,11.415562887627319,24
132000,frobenius_norm,Attention,52.025699332296305,11.401602813269365,24
133000,frobenius_norm,Attention,51.903744231785204,11.361567864952674,24
134000,frobenius_norm,Attention,51.73846333503601,11.310481860632391,24
135000,frobenius_norm,Attention,51.57575616793765,11.259692151251949,24
136000,frobenius_norm,Attention,51.42650052970416,11.212146031484503,24
137000,frobenius_norm,Attention,51.28133930959677,11.166111346128826,24
138000,frobenius_norm,Attention,51.167036866513264,11.129996069629819,24
139000,frobenius_norm,Attention,51.04267730638971,11.09123024233798,24
140000,frobenius_norm,Attention,50.90390288239422,11.047588187354172,24
141000,frobenius_norm,Attention,50.749122126505235,10.999235539709064,24
142000,frobenius_norm,Attention,50.61425309903699,10.957088423230111,24
143000,frobenius_norm,Attention,50.47272351537102,10.914023816604677,24
1,frobenius_norm,MLP,22.145399785267713,2.691492765873655,24
2,frobenius_norm,MLP,22.1453998113594,2.6914909005160963,24
4,frobenius_norm,MLP,22.14540554559798,2.6914935125100197,24
8,frobenius_norm,MLP,22.145389527379866,2.691490219728789,24
16,frobenius_norm,MLP,22.145250605715116,2.6914586531254985,24
32,frobenius_norm,MLP,22.145397755860326,2.6913125619895992,24
64,frobenius_norm,MLP,22.149136964421174,2.6906834741503736,24
128,frobenius_norm,MLP,22.166451758950966,2.6889332279606264,24
256,frobenius_norm,MLP,22.18976494208445,2.6849797189147115,24
512,frobenius_norm,MLP,22.29139703660894,2.665519161805829,24
1000,frobenius_norm,MLP,23.249551242951508,2.558563543198363,24
2000,frobenius_norm,MLP,28.686194599680082,2.1500563345270374,24
3000,frobenius_norm,MLP,33.16140190551604,1.79092581962485,24
4000,frobenius_norm,MLP,36.684032591806464,1.5701203499906835,24
5000,frobenius_norm,MLP,39.619258511668825,1.456347546258575,24
6000,frobenius_norm,MLP,42.132581327006754,1.4036050539096707,24
7000,frobenius_norm,MLP,44.29788064577159,1.3897425537407435,24
8000,frobenius_norm,MLP,46.19703485093391,1.3946241061684286,24
9000,frobenius_norm,MLP,47.87299254827317,1.4112096945626038,24
10000,frobenius_norm,MLP,49.363439938393775,1.42945933019396,24
11000,frobenius_norm,MLP,50.67481697609664,1.4523613301522127,24
12000,frobenius_norm,MLP,51.850202556822445,1.4753243155092512,24
13000,frobenius_norm,MLP,52.88089058805548,1.4996213160830008,24
14000,frobenius_norm,MLP,53.8027887306844,1.5219222436645958,24
15000,frobenius_norm,MLP,54.62987372223275,1.5417195025289363,24
16000,frobenius_norm,MLP,55.35021278280107,1.5626657141890468,24
17000,frobenius_norm,MLP,55.99100612584058,1.581963682984981,24
18000,frobenius_norm,MLP,56.563546095251645,1.5988879362064106,24
19000,frobenius_norm,MLP,57.07030227621399,1.6136945663670523,24
20000,frobenius_norm,MLP,57.51100992425947,1.626117941962573,24
21000,frobenius_norm,MLP,57.87049448777842,1.6361764861182997,24
22000,frobenius_norm,MLP,58.185393444146946,1.644840639049356,24
23000,frobenius_norm,MLP,58.4505816664709,1.6534262251662766,24
24000,frobenius_norm,MLP,58.68967593791776,1.6644086041379538,24
25000,frobenius_norm,MLP,58.912352036601796,1.673188376466014,24
26000,frobenius_norm,MLP,59.09283127456689,1.6822634339690063,24
27000,frobenius_norm,MLP,59.25324086413561,1.6903257051589673,24
28000,frobenius_norm,MLP,59.37647085698248,1.7001174083445707,24
29000,frobenius_norm,MLP,59.48369926486064,1.7062223495033875,24
30000,frobenius_norm,MLP,59.557163097538336,1.7141234062443682,24
31000,frobenius_norm,MLP,59.61217541457986,1.7199047133803935,24
32000,frobenius_norm,MLP,59.644616199720815,1.7236293591804057,24
33000,frobenius_norm,MLP,59.650034907013215,1.7291618487747427,24
34000,frobenius_norm,MLP,59.624104876345775,1.7329070187179154,24
35000,frobenius_norm,MLP,59.58289248956181,1.7350892004836072,24
36000,frobenius_norm,MLP,59.52864215775033,1.7370961876374016,24
37000,frobenius_norm,MLP,59.4639735746901,1.7395134387409552,24
38000,frobenius_norm,MLP,59.38225130392998,1.7411323145326296,24
39000,frobenius_norm,MLP,59.30020995489076,1.741555888158209,24
40000,frobenius_norm,MLP,59.20326367483213,1.742503321092794,24
41000,frobenius_norm,MLP,59.102936371233,1.7420279521562345,24
42000,frobenius_norm,MLP,58.9941537430089,1.7434764827942828,24
43000,frobenius_norm,MLP,58.87862534237266,1.7433263705551671,24
44000,frobenius_norm,MLP,58.75441077595136,1.7441931713074055,24
45000,frobenius_norm,MLP,58.6278065579583,1.7451872662343517,24
46000,frobenius_norm,MLP,58.492105355175234,1.7453187869268771,24
47000,frobenius_norm,MLP,58.34872452073413,1.74609220523928,24
48000,frobenius_norm,MLP,58.19903856674739,1.745385006818773,24
49000,frobenius_norm,MLP,58.039751536370346,1.7458502031193404,24
50000,frobenius_norm,MLP,57.87028287495466,1.7464292255465925,24
51000,frobenius_norm,MLP,57.70067262888299,1.745805588540876,24
52000,frobenius_norm,MLP,57.520588321790875,1.7465231324885804,24
53000,frobenius_norm,MLP,57.337931729040264,1.747177222000093,24
54000,frobenius_norm,MLP,57.15456239978929,1.7469609492253275,24
55000,frobenius_norm,MLP,56.95728017276949,1.7454269491287535,24
56000,frobenius_norm,MLP,56.75935121237193,1.7440214798317275,24
57000,frobenius_norm,MLP,56.54685512267634,1.7411291240193447,24
58000,frobenius_norm,MLP,56.32718846105311,1.7386050085140703,24
59000,frobenius_norm,MLP,56.099619722103625,1.7356751449281258,24
60000,frobenius_norm,MLP,55.86921893328744,1.732602169891846,24
61000,frobenius_norm,MLP,55.63061160606654,1.7288103705670574,24
62000,frobenius_norm,MLP,55.38928990915124,1.7250881274708119,24
63000,frobenius_norm,MLP,55.13313059276296,1.7206266297130124,24
64000,frobenius_norm,MLP,54.88453219519539,1.717280601124297,24
65000,frobenius_norm,MLP,54.634650093203014,1.7140343542598886,24
66000,frobenius_norm,MLP,54.38113302102261,1.7099105405938155,24
67000,frobenius_norm,MLP,54.12000708246622,1.7056320950617494,24
68000,frobenius_norm,MLP,53.851451587619636,1.701961270638297,24
69000,frobenius_norm,MLP,53.58031553507024,1.6973721441059282,24
70000,frobenius_norm,MLP,53.304330489518854,1.6923702942992318,24
71000,frobenius_norm,MLP,53.024814149600324,1.6864160693263746,24
72000,frobenius_norm,MLP,52.73229473947229,1.6805939140740709,24
73000,frobenius_norm,MLP,52.43849914894712,1.6748353355942045,24
74000,frobenius_norm,MLP,52.147604504413145,1.6696092523560626,24
75000,frobenius_norm,MLP,51.85752791897081,1.6645114421607903,24
76000,frobenius_norm,MLP,51.575100943058864,1.6604169708668384,24
77000,frobenius_norm,MLP,51.29305596254918,1.6560645599969377,24
78000,frobenius_norm,MLP,50.994525347217206,1.65087925899125,24
79000,frobenius_norm,MLP,50.708059368341566,1.6460516765430988,24
80000,frobenius_norm,MLP,50.42119005960583,1.6402585102528897,24
81000,frobenius_norm,MLP,50.13351077504271,1.6337986105853426,24
82000,frobenius_norm,MLP,49.84023358663281,1.6282552192978703,24
83000,frobenius_norm,MLP,49.54873927059278,1.6226464148026636,24
84000,frobenius_norm,MLP,49.26103093800381,1.617633560499547,24
85000,frobenius_norm,MLP,48.95597408550393,1.613493062371582,24
86000,frobenius_norm,MLP,48.66050984562451,1.607773159978855,24
87000,frobenius_norm,MLP,48.36958904994703,1.6028493628279417,24
88000,frobenius_norm,MLP,48.08214313173479,1.5979258418337903,24
89000,frobenius_norm,MLP,47.80254389890865,1.593061299742281,24
90000,frobenius_norm,MLP,47.52249062433975,1.591663987579324,24
91000,frobenius_norm,MLP,47.24192009352811,1.5892079307335338,24
92000,frobenius_norm,MLP,46.96134666486545,1.5857567849037966,24
93000,frobenius_norm,MLP,46.689445381475736,1.5822277299812606,24
94000,frobenius_norm,MLP,46.41902633380649,1.5783195199338542,24
95000,frobenius_norm,MLP,46.17330054964578,1.5747193415585847,24
96000,frobenius_norm,MLP,45.906170073210774,1.5692765137840579,24
97000,frobenius_norm,MLP,45.65131571965724,1.5629578578514494,24
98000,frobenius_norm,MLP,45.40548541062933,1.556950153780442,24
99000,frobenius_norm,MLP,45.15981965687215,1.5506198420325117,24
100000,frobenius_norm,MLP,44.92300220292082,1.5448373517642044,24
101000,frobenius_norm,MLP,44.69039248429788,1.539096633910533,24
102000,frobenius_norm,MLP,44.4561516833863,1.5335890747501728,24
103000,frobenius_norm,MLP,44.232692592528444,1.5279103167317807,24
104000,frobenius_norm,MLP,44.01853822331491,1.5226545350614964,24
105000,frobenius_norm,MLP,43.83627293960294,1.5192713179569326,24
106000,frobenius_norm,MLP,43.63233337377491,1.5137318119612801,24
107000,frobenius_norm,MLP,43.458636352977976,1.509905686018316,24
108000,frobenius_norm,MLP,43.316686535736885,1.5077504275312608,24
109000,frobenius_norm,MLP,43.17239821151651,1.5039517282775776,24
110000,frobenius_norm,MLP,43.020095460611145,1.4994702957722563,24
111000,frobenius_norm,MLP,42.896645543469184,1.4972972782328933,24
112000,frobenius_norm,MLP,42.781940553185116,1.4961094318493067,24
113000,frobenius_norm,MLP,42.63002975484931,1.4904520356028867,24
114000,frobenius_norm,MLP,42.4829716464996,1.485482161373766,24
115000,frobenius_norm,MLP,42.38042904638669,1.4853279211439294,24
116000,frobenius_norm,MLP,42.26390911349573,1.483058448248629,24
117000,frobenius_norm,MLP,42.1643173805405,1.4831484518589448,24
118000,frobenius_norm,MLP,42.08742552280864,1.4881398608748972,24
119000,frobenius_norm,MLP,42.0108284440548,1.4933660547033722,24
120000,frobenius_norm,MLP,41.92547511122972,1.4968048797159081,24
121000,frobenius_norm,MLP,41.84243797071883,1.5005037480213879,24
122000,frobenius_norm,MLP,41.7318234090725,1.4978228746891744,24
123000,frobenius_norm,MLP,41.602025746661326,1.4898878736248828,24
124000,frobenius_norm,MLP,41.470044728121266,1.4812108757973015,24
125000,frobenius_norm,MLP,41.32749082642558,1.4704605407296403,24
126000,frobenius_norm,MLP,41.20442715003049,1.4637501672702462,24
127000,frobenius_norm,MLP,41.07138333313241,1.454189180004354,24
128000,frobenius_norm,MLP,40.93374888655239,1.444506209007451,24
129000,frobenius_norm,MLP,40.796156228360395,1.4359046201683996,24
130000,frobenius_norm,MLP,40.66033534310262,1.4281196668326854,24
131000,frobenius_norm,MLP,40.52314905506858,1.4203071117288102,24
132000,frobenius_norm,MLP,40.39328143214389,1.4124306818610903,24
133000,frobenius_norm,MLP,40.2609173209133,1.4050266700108618,24
134000,frobenius_norm,MLP,40.129092950098176,1.3991604036623404,24
135000,frobenius_norm,MLP,39.993750633266366,1.3934912335213732,24
136000,frobenius_norm,MLP,39.861149765673794,1.3877992426073127,24
137000,frobenius_norm,MLP,39.72902171807879,1.3823860095386193,24
138000,frobenius_norm,MLP,39.598404558311834,1.3762576460064868,24
139000,frobenius_norm,MLP,39.471994593520456,1.3706619219474614,24
140000,frobenius_norm,MLP,39.34518864122411,1.3656069819368264,24
141000,frobenius_norm,MLP,39.21887338436895,1.3612671755150743,24
142000,frobenius_norm,MLP,39.09260892684522,1.356335682327227,24
143000,frobenius_norm,MLP,38.96774466984017,1.3518128905740034,24
1,spectral_norm,Attention,1.0266021688779194,0.1447956980062415,24
2,spectral_norm,Attention,1.0266017292936642,0.14479548078608462,24
4,spectral_norm,Attention,1.0266030443211396,0.14479544481067036,24
8,spectral_norm,Attention,1.0266017305354278,0.14479493194793433,24
16,spectral_norm,Attention,1.0265800046424072,0.14479191003523223,24
32,spectral_norm,Attention,1.0265698209404945,0.14478369533920663,24
64,spectral_norm,Attention,1.0267743306855361,0.14475387306175805,24
128,spectral_norm,Attention,1.035149731983741,0.14556181771479257,24
256,spectral_norm,Attention,1.3067311917742093,0.20350868239584038,24
512,spectral_norm,Attention,1.770561594516039,0.2953996004362103,24
1000,spectral_norm,Attention,2.3845765640338263,0.3895221166954995,24
2000,spectral_norm,Attention,3.6429434716701508,0.5270679074029362,24
3000,spectral_norm,Attention,4.233132978280385,0.5718713385670687,24
4000,spectral_norm,Attention,4.594606444239616,0.5929326358980221,24
5000,spectral_norm,Attention,4.85604511698087,0.6042398781996101,24
6000,spectral_norm,Attention,5.048465758562088,0.6086130584473041,24
7000,spectral_norm,Attention,5.193491190671921,0.6091213863049,24
8000,spectral_norm,Attention,5.303289473056793,0.6064998059853021,24
9000,spectral_norm,Attention,5.39296034971873,0.6013625440387101,24
10000,spectral_norm,Attention,5.457619100809097,0.595079157605227,24
11000,spectral_norm,Attention,5.508067578077316,0.5878337890870876,24
12000,spectral_norm,Attention,5.545716891686122,0.5803195802757255,24
13000,spectral_norm,Attention,5.59110767642657,0.5763939311687722,24
14000,spectral_norm,Attention,5.61943256855011,0.5698992073673329,24
15000,spectral_norm,Attention,5.6428718864917755,0.564083999363988,24
16000,spectral_norm,Attention,5.670987258354823,0.5617415404244875,24
17000,spectral_norm,Attention,5.736600677172343,0.5757960689650448,24
18000,spectral_norm,Attention,5.842953731616338,0.6170958310229582,24
19000,spectral_norm,Attention,6.028658678134282,0.7259887008376924,24
20000,spectral_norm,Attention,6.232024898131688,0.8738631427580328,24
21000,spectral_norm,Attention,6.602451880772908,1.1888189099004849,24
22000,spectral_norm,Attention,6.987859785556793,1.5343923414427616,24
23000,spectral_norm,Attention,7.225452383359273,1.750619384696863,24
24000,spectral_norm,Attention,7.374098718166351,1.885402793857911,24
25000,spectral_norm,Attention,7.464025636514028,1.9628847252101822,24
26000,spectral_norm,Attention,7.56968766450882,2.034800069302182,24
27000,spectral_norm,Attention,7.673162321249644,2.090014845651102,24
28000,spectral_norm,Attention,7.800583442052205,2.1467118269435637,24
29000,spectral_norm,Attention,7.939652860164642,2.2025595557831417,24
30000,spectral_norm,Attention,8.09962930281957,2.2580560054861105,24
31000,spectral_norm,Attention,8.315351943174997,2.335867038383435,24
32000,spectral_norm,Attention,8.535612593094507,2.4018509596660684,24
33000,spectral_norm,Attention,8.788901468118032,2.48744390641088,24
34000,spectral_norm,Attention,9.072133223215738,2.5839076879714162,24
35000,spectral_norm,Attention,9.315279573202133,2.6650586592071,24
36000,spectral_norm,Attention,9.556244850158691,2.753587343406999,24
37000,spectral_norm,Attention,9.785885880390802,2.8451428172815136,24
38000,spectral_norm,Attention,9.999016463756561,2.936550375528418,24
39000,spectral_norm,Attention,10.212263613939285,3.0303661617298414,24
40000,spectral_norm,Attention,10.41452032327652,3.1185278177494835,24
41000,spectral_norm,Attention,10.604528705279032,3.1988541854389188,24
42000,spectral_norm,Attention,10.774629394213358,3.2706326209918064,24
43000,spectral_norm,Attention,10.94654286901156,3.347913971812889,24
44000,spectral_norm,Attention,11.109685152769089,3.418497641893313,24
45000,spectral_norm,Attention,11.249473432699839,3.482904256540819,24
46000,spectral_norm,Attention,11.363808035850525,3.536415306382232,24
47000,spectral_norm,Attention,11.482930024464926,3.590912805260516,24
48000,spectral_norm,Attention,11.59888407588005,3.6414539325171487,24
49000,spectral_norm,Attention,11.693549881378809,3.6730462156054173,24
50000,spectral_norm,Attention,11.773980259895325,3.690199662169987,24
51000,spectral_norm,Attention,11.866838922103247,3.7097897394148105,24
52000,spectral_norm,Attention,11.999627729256948,3.736193987748061,24
53000,spectral_norm,Attention,12.063428123792013,3.7310669164200045,24
54000,spectral_norm,Attention,12.223656406005224,3.7635943664700218,24
55000,spectral_norm,Attention,12.304700295130411,3.7704896532514955,24
56000,spectral_norm,Attention,12.369698892037073,3.786443983776526,24
57000,spectral_norm,Attention,12.449693858623505,3.806635289280096,24
58000,spectral_norm,Attention,12.509651213884354,3.825128415311833,24
59000,spectral_norm,Attention,12.551904698212942,3.8407920390281807,24
60000,spectral_norm,Attention,12.568588097890219,3.848948507614915,24
61000,spectral_norm,Attention,12.619650512933731,3.875106374079078,24
62000,spectral_norm,Attention,12.65872347354889,3.8945992975829213,24
63000,spectral_norm,Attention,12.918171068032583,3.9803173446624003,24
64000,spectral_norm,Attention,12.88967353105545,3.957989814227639,24
65000,spectral_norm,Attention,12.89204865694046,3.955941133919922,24
66000,spectral_norm,Attention,12.910408794879913,3.957781017850642,24
67000,spectral_norm,Attention,12.920330117146174,3.957877965470777,24
68000,spectral_norm,Attention,12.942727774381638,3.9593117193228804,24
69000,spectral_norm,Attention,12.991338988145193,3.9679154755884283,24
70000,spectral_norm,Attention,12.961288750171661,3.951276909226755,24
71000,spectral_norm,Attention,13.05912152926127,3.980931585778459,24
72000,spectral_norm,Attention,13.279327859481176,4.037701305399965,24
73000,spectral_norm,Attention,13.340463747580847,4.038427653735294,24
74000,spectral_norm,Attention,13.54963219165802,4.084439022606674,24
75000,spectral_norm,Attention,13.529339710871378,4.065961315798773,24
76000,spectral_norm,Attention,13.539358427127203,4.064492965108051,24
77000,spectral_norm,Attention,13.627741048733393,4.0868821451909,24
78000,spectral_norm,Attention,13.756434669097265,4.112599553604404,24
79000,spectral_norm,Attention,13.730942338705063,4.100413302843449,24
80000,spectral_norm,Attention,13.754952470461527,4.104147958738228,24
81000,spectral_norm,Attention,13.934119164943695,4.147934825225153,24
82000,spectral_norm,Attention,14.055577675501505,4.168898730137354,24
83000,spectral_norm,Attention,14.191708515087763,4.193720385804334,24
84000,spectral_norm,Attention,14.395831247170767,4.240621116044686,24
85000,spectral_norm,Attention,14.721010982990265,4.313094010947998,24
86000,spectral_norm,Attention,14.819729030132294,4.326441382697166,24
87000,spectral_norm,Attention,14.929076890150705,4.347680751034804,24
88000,spectral_norm,Attention,14.998140255610148,4.3601903363949495,24
89000,spectral_norm,Attention,15.047292977571487,4.370207727981843,24
90000,spectral_norm,Attention,15.288144091765085,4.43021270908443,24
91000,spectral_norm,Attention,15.50805922349294,4.478594362703379,24
92000,spectral_norm,Attention,15.643625348806381,4.502861845433387,24
93000,spectral_norm,Attention,15.849397450685501,4.545630843445756,24
94000,spectral_norm,Attention,16.07653843363126,4.597189668121963,24
95000,spectral_norm,Attention,16.54458161195119,4.730716203092266,24
96000,spectral_norm,Attention,16.751212894916534,4.783136809146884,24
97000,spectral_norm,Attention,17.06984082857768,4.879409535888289,24
98000,spectral_norm,Attention,17.41510193546613,4.984307645848056,24
99000,spectral_norm,Attention,17.759137392044067,5.086882033796998,24
100000,spectral_norm,Attention,18.119394679864246,5.1858266022196595,24
101000,spectral_norm,Attention,18.396637628475826,5.24558571115414,24
102000,spectral_norm,Attention,18.621777574221294,5.287959392343037,24
103000,spectral_norm,Attention,18.87101638317108,5.339873232089689,24
104000,spectral_norm,Attention,19.145906165242195,5.402085953190171,24
105000,spectral_norm,Attention,19.690945903460186,5.570896275404226,24
106000,spectral_norm,Attention,19.941436365246773,5.6316732449839195,24
107000,spectral_norm,Attention,20.31487961113453,5.748562538279804,24
108000,spectral_norm,Attention,20.72466957072417,5.893994019726356,24
109000,spectral_norm,Attention,21.02129504084587,6.000543097711972,24
110000,spectral_norm,Attention,21.21179787317912,6.064900382534797,24
111000,spectral_norm,Attention,21.477844774723053,6.17114504601501,24
112000,spectral_norm,Attention,21.775113304456074,6.296865864427921,24
113000,spectral_norm,Attention,21.879386429985363,6.329444871362539,24
114000,spectral_norm,Attention,21.98094939192136,6.363637812146618,24
115000,spectral_norm,Attention,22.309478128949802,6.506163303131005,24
116000,spectral_norm,Attention,22.568691814939182,6.615134081828086,24
117000,spectral_norm,Attention,23.000657722353935,6.806224643547743,24
118000,spectral_norm,Attention,23.840085312724113,7.190225116834029,24
119000,spectral_norm,Attention,24.724840040008228,7.602605437701134,24
120000,spectral_norm,Attention,25.63275732596715,8.032664037221933,24
121000,spectral_norm,Attention,26.55514035622279,8.477617562005394,24
122000,spectral_norm,Attention,27.148409719268482,8.749073970435184,24
123000,spectral_norm,Attention,27.3663130402565,8.82612458832254,24
124000,spectral_norm,Attention,27.53322570025921,8.873140610984949,24
125000,spectral_norm,Attention,27.527951414386433,8.845143720319493,24
126000,spectral_norm,Attention,27.710017909606297,8.889366190350632,24
127000,spectral_norm,Attention,27.75066598256429,8.877067472828367,24
128000,spectral_norm,Attention,27.68057979643345,8.829986731503494,24
129000,spectral_norm,Attention,27.591477538148563,8.778739512101756,24
130000,spectral_norm,Attention,27.48731278379758,8.725707863263477,24
131000,spectral_norm,Attention,27.43010542790095,8.68358464850923,24
132000,spectral_norm,Attention,27.44239151974519,8.659744164141548,24
133000,spectral_norm,Attention,27.36640302836895,8.613214851099642,24
134000,spectral_norm,Attention,27.246264566977818,8.559640101665629,24
135000,spectral_norm,Attention,27.132172286510468,8.50824399095854,24
136000,spectral_norm,Attention,27.029773155848186,8.459287598068391,24
137000,spectral_norm,Attention,26.931187118093174,8.412286451734177,24
138000,spectral_norm,Attention,26.864181379477184,8.372905279849192,24
139000,spectral_norm,Attention,26.784050598740578,8.330968948829463,24
140000,spectral_norm,Attention,26.69028900563717,8.28661047737813,24
141000,spectral_norm,Attention,26.578768064578373,8.240121317883668,24
142000,spectral_norm,Attention,26.48739938934644,8.197361171373952,24
143000,spectral_norm,Attention,26.38945882519086,8.154820430063166,24
1,spectral_norm,MLP,1.194743023564418,0.14519765625109946,24
2,spectral_norm,MLP,1.1947672901054223,0.1452026605038219,24
4,spectral_norm,MLP,1.194765182832877,0.14520282493568715,24
8,spectral_norm,MLP,1.194753968467315,0.14519934135794396,24
16,spectral_norm,MLP,1.1947740241885185,0.14519876670692974,24
32,spectral_norm,MLP,1.1948651559650898,0.1451801021792103,24
64,spectral_norm,MLP,1.1957300019760926,0.14500990686790374,24
128,spectral_norm,MLP,1.2051036842167377,0.14328586780231758,24
256,spectral_norm,MLP,1.2109270989894867,0.1422488995690561,24
512,spectral_norm,MLP,1.2601056471467018,0.13406432006323302,24
1000,spectral_norm,MLP,2.1661471923192344,0.24246205462644918,24
2000,spectral_norm,MLP,4.019699215888977,0.45750718215964836,24
3000,spectral_norm,MLP,4.859678000211716,0.5109896599806837,24
4000,spectral_norm,MLP,5.381645053625107,0.5191694167747106,24
5000,spectral_norm,MLP,5.777934819459915,0.5209995713467231,24
6000,spectral_norm,MLP,6.108626663684845,0.5158372184069088,24
7000,spectral_norm,MLP,6.399587114651998,0.5140882792415857,24
8000,spectral_norm,MLP,6.661210199197133,0.5129890560629724,24
9000,spectral_norm,MLP,6.890753448009491,0.5138199611387705,24
10000,spectral_norm,MLP,7.085780968268712,0.5121043940274637,24
11000,spectral_norm,MLP,7.264611879984538,0.514777884299747,24
12000,spectral_norm,MLP,7.417483429114024,0.5149932067512195,24
13000,spectral_norm,MLP,7.569301426410675,0.5223787833683864,24
14000,spectral_norm,MLP,7.703830639521281,0.5290674420578081,24
15000,spectral_norm,MLP,7.816133558750153,0.5336867642048662,24
16000,spectral_norm,MLP,7.930049737294515,0.5450822589810903,24
17000,spectral_norm,MLP,8.025200744469961,0.5544499542234811,24
18000,spectral_norm,MLP,8.111065010229746,0.5651912419027826,24
19000,spectral_norm,MLP,8.181231081485748,0.5747943414577279,24
20000,spectral_norm,MLP,8.247357507546743,0.5867618311045325,24
21000,spectral_norm,MLP,8.29830970366796,0.5981468119535146,24
22000,spectral_norm,MLP,8.339286724726358,0.6065408226355564,24
23000,spectral_norm,MLP,8.378741443157196,0.6167927773146241,24
24000,spectral_norm,MLP,8.434278190135956,0.6354810930553456,24
25000,spectral_norm,MLP,8.464372416337332,0.6439724324556724,24
26000,spectral_norm,MLP,8.504359205563864,0.6576975246814291,24
27000,spectral_norm,MLP,8.534758905569712,0.6691993795917294,24
28000,spectral_norm,MLP,8.57274180650711,0.6854793838188455,24
29000,spectral_norm,MLP,8.58322141567866,0.6909874413887896,24
30000,spectral_norm,MLP,8.612019141515097,0.7052763795793523,24
31000,spectral_norm,MLP,8.629068851470947,0.716532188266799,24
32000,spectral_norm,MLP,8.633591850598654,0.7233927096554515,24
33000,spectral_norm,MLP,8.64847449461619,0.7338357164224695,24
34000,spectral_norm,MLP,8.659292936325073,0.7424508805948801,24
35000,spectral_norm,MLP,8.663547794024149,0.7468518865544216,24
36000,spectral_norm,MLP,8.672046224276224,0.7511048584616916,24
37000,spectral_norm,MLP,8.681716740131378,0.7568499456072197,24
38000,spectral_norm,MLP,8.688281536102295,0.7613626165278345,24
39000,spectral_norm,MLP,8.683102230230967,0.7644697087771581,24
40000,spectral_norm,MLP,8.68071182568868,0.7699198530444549,24
41000,spectral_norm,MLP,8.671464403470358,0.7734175527455759,24
42000,spectral_norm,MLP,8.669479469458262,0.7820202839143441,24
43000,spectral_norm,MLP,8.643551270167032,0.7810039820076216,24
44000,spectral_norm,MLP,8.629475116729736,0.7862014692882638,24
45000,spectral_norm,MLP,8.608778317769369,0.7886829721470592,24
46000,spectral_norm,MLP,8.589405556519827,0.7923552048904493,24
47000,spectral_norm,MLP,8.58318461974462,0.8007591654311379,24
48000,spectral_norm,MLP,8.553443551063538,0.7994468229380118,24
49000,spectral_norm,MLP,8.539645274480185,0.8049354252778151,24
50000,spectral_norm,MLP,8.518697619438171,0.8064602072907529,24
51000,spectral_norm,MLP,8.485334753990173,0.8042185350068631,24
52000,spectral_norm,MLP,8.4672398964564,0.8067248422444465,24
53000,spectral_norm,MLP,8.444144030412039,0.8107266887957727,24
54000,spectral_norm,MLP,8.413524448871613,0.8061712164335314,24
55000,spectral_norm,MLP,8.386929392814636,0.8065793761659779,24
56000,spectral_norm,MLP,8.361883242925009,0.8063291637208095,24
57000,spectral_norm,MLP,8.326635340849558,0.8009010646411828,24
58000,spectral_norm,MLP,8.30441669623057,0.803376712618607,24
59000,spectral_norm,MLP,8.27719928820928,0.8038265128927107,24
60000,spectral_norm,MLP,8.248044828573862,0.8043286170860582,24
61000,spectral_norm,MLP,8.218627691268921,0.803413957931079,24
62000,spectral_norm,MLP,8.185533503691355,0.8019347411318615,24
63000,spectral_norm,MLP,8.150090535481771,0.7951218188421463,24
64000,spectral_norm,MLP,8.112909932931265,0.7938234806096396,24
65000,spectral_norm,MLP,8.077667971452078,0.7923682194241825,24
66000,spectral_norm,MLP,8.038780987262726,0.7880832967609388,24
67000,spectral_norm,MLP,7.998303254445394,0.7840373318635772,24
68000,spectral_norm,MLP,7.966396311918895,0.7833929510472666,24
69000,spectral_norm,MLP,7.933917740980784,0.7826790615046202,24
70000,spectral_norm,MLP,7.896301805973053,0.7813761053913063,24
71000,spectral_norm,MLP,7.8549319704373675,0.7747683846634157,24
72000,spectral_norm,MLP,7.8182626366615295,0.7669600966795279,24
73000,spectral_norm,MLP,7.781236529350281,0.7651112960069881,24
74000,spectral_norm,MLP,7.74710367123286,0.7566731311076267,24
75000,spectral_norm,MLP,7.703223129113515,0.752810442468531,24
76000,spectral_norm,MLP,7.670021891593933,0.7520038307972131,24
77000,spectral_norm,MLP,7.635779321193695,0.7483538814484701,24
78000,spectral_norm,MLP,7.603092273076375,0.7467681521279886,24
79000,spectral_norm,MLP,7.566873908042908,0.7447506118998587,24
80000,spectral_norm,MLP,7.5235155920187635,0.7377741628153711,24
81000,spectral_norm,MLP,7.487077921628952,0.7314299024421455,24
82000,spectral_norm,MLP,7.451878547668457,0.7283766446666248,24
83000,spectral_norm,MLP,7.412499864896138,0.724237234211096,24
84000,spectral_norm,MLP,7.38113487760226,0.7205088981444093,24
85000,spectral_norm,MLP,7.3373629947503405,0.7126889179381654,24
86000,spectral_norm,MLP,7.2917191088199615,0.7078801366001293,24
87000,spectral_norm,MLP,7.248300860325496,0.7034287670047342,24
88000,spectral_norm,MLP,7.203885187705358,0.6988666862760241,24
89000,spectral_norm,MLP,7.16045942902565,0.6931210338152614,24
90000,spectral_norm,MLP,7.123242080211639,0.6853108501176375,24
91000,spectral_norm,MLP,7.085391104221344,0.6774852987851092,24
92000,spectral_norm,MLP,7.046233574549357,0.6716605368050979,24
93000,spectral_norm,MLP,7.0079529484113054,0.6634328242072967,24
94000,spectral_norm,MLP,6.974976489941279,0.6567032087025098,24
95000,spectral_norm,MLP,6.9443016449610395,0.6462770320981701,24
96000,spectral_norm,MLP,6.913892835378647,0.641948125364134,24
97000,spectral_norm,MLP,6.880213648080826,0.6320302351852195,24
98000,spectral_norm,MLP,6.847968439261119,0.6264858613738814,24
99000,spectral_norm,MLP,6.811910669008891,0.6200904713810609,24
100000,spectral_norm,MLP,6.769597242275874,0.6133367811363277,24
101000,spectral_norm,MLP,6.725096623102824,0.6088337854063478,24
102000,spectral_norm,MLP,6.685993939638138,0.603420817489019,24
103000,spectral_norm,MLP,6.646646132071813,0.5970677049293928,24
104000,spectral_norm,MLP,6.611592998107274,0.5908963043423635,24
105000,spectral_norm,MLP,6.581851541996002,0.5821871009707948,24
106000,spectral_norm,MLP,6.552336752414703,0.5765348628247065,24
107000,spectral_norm,MLP,6.524345874786377,0.5698680219246459,24
108000,spectral_norm,MLP,6.499761899312337,0.5631499011297021,24
109000,spectral_norm,MLP,6.4736223717530565,0.5569805978006318,24
110000,spectral_norm,MLP,6.453603754440944,0.5522776753767931,24
111000,spectral_norm,MLP,6.43619171778361,0.5478154452426722,24
112000,spectral_norm,MLP,6.423557132482529,0.5419901276845142,24
113000,spectral_norm,MLP,6.409369111061096,0.5382370201580579,24
114000,spectral_norm,MLP,6.39778670668602,0.5343164331624124,24
115000,spectral_norm,MLP,6.390378663937251,0.5312469724509852,24
116000,spectral_norm,MLP,6.380816549062729,0.5280147490809969,24
117000,spectral_norm,MLP,6.370858867963155,0.5252142985581255,24
118000,spectral_norm,MLP,6.360869427522023,0.5227664547787682,24
119000,spectral_norm,MLP,6.356805304686229,0.5199141778916178,24
120000,spectral_norm,MLP,6.350586503744125,0.516730405916773,24
121000,spectral_norm,MLP,6.345120231310527,0.5136435395373724,24
122000,spectral_norm,MLP,6.337451656659444,0.5108841390777009,24
123000,spectral_norm,MLP,6.326285819212596,0.5081213245260531,24
124000,spectral_norm,MLP,6.312340597311656,0.5053062645928144,24
125000,spectral_norm,MLP,6.292182723681132,0.5031233022181268,24
126000,spectral_norm,MLP,6.2858151495456696,0.49953824661710394,24
127000,spectral_norm,MLP,6.267402241627376,0.49754057340886776,24
128000,spectral_norm,MLP,6.243409603834152,0.4967953508687353,24
129000,spectral_norm,MLP,6.221754670143127,0.4961730785214989,24
130000,spectral_norm,MLP,6.196899523337682,0.49479747860402645,24
131000,spectral_norm,MLP,6.179217120011647,0.49276347982956986,24
132000,spectral_norm,MLP,6.16249152024587,0.4904735249081998,24
133000,spectral_norm,MLP,6.13998614748319,0.48900516699290053,24
134000,spectral_norm,MLP,6.116771827141444,0.48823867944357124,24
135000,spectral_norm,MLP,6.09401340285937,0.486836996117143,24
136000,spectral_norm,MLP,6.072734713554382,0.4851504611302522,24
137000,spectral_norm,MLP,6.053290088971456,0.4843498319424552,24
138000,spectral_norm,MLP,6.035585552453995,0.48207488170867674,24
139000,spectral_norm,MLP,6.016362577676773,0.480735898355744,24
140000,spectral_norm,MLP,5.997417579094569,0.47966080712690606,24
141000,spectral_norm,MLP,5.976826171080272,0.4783066112976486,24
142000,spectral_norm,MLP,5.96002874771754,0.4775178138503646,24
143000,spectral_norm,MLP,5.942430506149928,0.47603705158712656,24
1,stable_rank,Attention,252.3505468090365,12.30561601847877,24
2,stable_rank,Attention,252.35088014089033,12.305770607458498,24
4,stable_rank,Attention,252.3500706199757,12.305918606502772,24
8,stable_rank,Attention,252.35009588265711,12.306122114259166,24
16,stable_rank,Attention,252.36116886637785,12.305724135644782,24
32,stable_rank,Attention,252.37381991363,12.306313857802179,24
64,stable_rank,Attention,252.27194199291114,12.328401251359127,24
128,stable_rank,Attention,248.1739109035317,12.480367752933828,24
256,stable_rank,Attention,182.83866770105453,9.94465577241443,24
512,stable_rank,Attention,120.00781806166452,9.77632552754565,24
1000,stable_rank,Attention,71.93398900584238,5.424824334972113,24
2000,stable_rank,Attention,48.41221272186001,4.669556567252525,24
3000,stable_rank,Attention,50.78302003451277,6.220024799187844,24
4000,stable_rank,Attention,53.89542217217766,7.234138807925852,24
5000,stable_rank,Attention,55.80734112190958,7.646527164156018,24
6000,stable_rank,Attention,57.26880673504968,7.8615478782593495,24
7000,stable_rank,Attention,58.44295034219554,7.947794301010019,24
8000,stable_rank,Attention,59.52075992220665,8.04149923808287,24
9000,stable_rank,Attention,60.166868321938374,8.014153628511961,24
10000,stable_rank,Attention,60.993272541285315,8.029655426659883,24
11000,stable_rank,Attention,61.54845265429328,7.9361042495294285,24
12000,stable_rank,Attention,62.084450324294956,7.837836600723069,24
13000,stable_rank,Attention,62.35593136397379,7.734610875023205,24
14000,stable_rank,Attention,62.70980424646752,7.6409251022949,24
15000,stable_rank,Attention,63.023369556138896,7.523655813258999,24
16000,stable_rank,Attention,63.32876789234726,7.456503083786333,24
17000,stable_rank,Attention,63.393527011702474,7.4146744546768835,24
18000,stable_rank,Attention,63.4384973395672,7.4217589100186405,24
19000,stable_rank,Attention,63.50361046441794,7.433941107797885,24
20000,stable_rank,Attention,63.63969450526205,7.4446579608251975,24
21000,stable_rank,Attention,63.652190482888784,7.420553867044893,24
22000,stable_rank,Attention,63.08543071034085,7.203230811106373,24
23000,stable_rank,Attention,62.95304131667354,7.1361959457095185,24
24000,stable_rank,Attention,63.07021404330669,7.1474629474013645,24
25000,stable_rank,Attention,63.28295562690693,7.182060127410367,24
26000,stable_rank,Attention,63.23887073965105,7.231694866535005,24
27000,stable_rank,Attention,63.19387017453422,7.2918615653284835,24
28000,stable_rank,Attention,63.0662290439409,7.3666079318884075,24
29000,stable_rank,Attention,62.84994795136539,7.375239427356368,24
30000,stable_rank,Attention,62.66476448598505,7.432690497272376,24
31000,stable_rank,Attention,62.345878210711696,7.484786455665148,24
32000,stable_rank,Attention,61.99804349084091,7.519425244044344,24
33000,stable_rank,Attention,61.345084812351736,7.3685832510294675,24
34000,stable_rank,Attention,60.189285974371735,7.014417093106131,24
35000,stable_rank,Attention,59.353225394583234,6.794996243751413,24
36000,stable_rank,Attention,58.69815263025598,6.660667976949653,24
37000,stable_rank,Attention,58.27317430583742,6.5893754184857825,24
38000,stable_rank,Attention,57.945707989062946,6.5426150271818155,24
39000,stable_rank,Attention,57.80586144079454,6.527124066151452,24
40000,stable_rank,Attention,57.726791258248134,6.525801032563867,24
41000,stable_rank,Attention,57.713031314759434,6.514946509490151,24
42000,stable_rank,Attention,57.76561171445362,6.520906273906383,24
43000,stable_rank,Attention,57.966094659087275,6.545629215594433,24
44000,stable_rank,Attention,58.0158043884987,6.550721076320447,24
45000,stable_rank,Attention,58.128879716642444,6.564534629843665,24
46000,stable_rank,Attention,58.274431015484105,6.587874247146847,24
47000,stable_rank,Attention,58.2980822082896,6.607184241357283,24
48000,stable_rank,Attention,58.2619541593783,6.632214934449992,24
49000,stable_rank,Attention,58.04746855943273,6.681733669283617,24
50000,stable_rank,Attention,57.768698810137245,6.751070935920609,24
51000,stable_rank,Attention,57.5983953762582,6.828499976601791,24
52000,stable_rank,Attention,57.39697291598814,6.917388137876436,24
53000,stable_rank,Attention,57.434758071024106,7.01857893195783,24
54000,stable_rank,Attention,57.244721655744144,7.048345987519083,24
55000,stable_rank,Attention,57.28087597926271,7.103984579681738,24
56000,stable_rank,Attention,57.2883628441777,7.126891402542914,24
57000,stable_rank,Attention,57.22278580787103,7.152143892723096,24
58000,stable_rank,Attention,57.07582999216322,7.13108583172888,24
59000,stable_rank,Attention,57.04294438990294,7.148220795609073,24
60000,stable_rank,Attention,57.057240369516016,7.164955187677177,24
61000,stable_rank,Attention,57.05865638465695,7.1816909365089625,24
62000,stable_rank,Attention,57.053034956133764,7.19831256884454,24
63000,stable_rank,Attention,56.28432269981142,7.165168016506394,24
64000,stable_rank,Attention,56.416063614888536,7.205824685721334,24
65000,stable_rank,Attention,56.268902938589925,7.188382819512,24
66000,stable_rank,Attention,56.05274424194162,7.141299537784633,24
67000,stable_rank,Attention,55.82114427439708,7.098116269429967,24
68000,stable_rank,Attention,55.37458157692572,6.997904635005406,24
69000,stable_rank,Attention,54.80143636404989,6.8895147145775315,24
70000,stable_rank,Attention,54.943427851098825,6.948174874449494,24
71000,stable_rank,Attention,54.13537062541678,6.801427067527391,24
72000,stable_rank,Attention,53.13644374303623,6.722367550461596,24
73000,stable_rank,Attention,53.03767702887104,6.77230743189719,24
74000,stable_rank,Attention,52.23312275395037,6.703311472359536,24
75000,stable_rank,Attention,52.46261782016412,6.7604266463905756,24
76000,stable_rank,Attention,52.427168242953705,6.7707610672314,24
77000,stable_rank,Attention,52.070703255671646,6.732432229518866,24
78000,stable_rank,Attention,51.5213631335891,6.645265826823565,24
79000,stable_rank,Attention,51.679583043534954,6.69222162467377,24
80000,stable_rank,Attention,51.46706088231152,6.665660042094691,24
81000,stable_rank,Attention,50.61337779251266,6.5271669889937005,24
82000,stable_rank,Attention,50.1249906682089,6.463837363120837,24
83000,stable_rank,Attention,49.65372320769219,6.411376542391205,24
84000,stable_rank,Attention,48.91358196237848,6.342298083726866,24
85000,stable_rank,Attention,47.7658723773172,6.241889777799564,24
86000,stable_rank,Attention,47.459251293553315,6.23976380281952,24
87000,stable_rank,Attention,47.06053771819521,6.216546753449826,24
88000,stable_rank,Attention,46.825534938513904,6.220473883043669,24
89000,stable_rank,Attention,46.62528781121318,6.21616866959434,24
90000,stable_rank,Attention,45.50931767941854,6.112787592535631,24
91000,stable_rank,Attention,44.543795806286674,6.026248490124125,24
92000,stable_rank,Attention,43.924026834891855,5.966571255201945,24
93000,stable_rank,Attention,43.04952995695644,5.89028401219316,24
94000,stable_rank,Attention,42.222228566760165,5.827311053818505,24
95000,stable_rank,Attention,41.039808891368374,5.773488193194136,24
96000,stable_rank,Attention,40.59358035734822,5.7610840390724825,24
97000,stable_rank,Attention,39.95858465153136,5.742914302382344,24
98000,stable_rank,Attention,39.40220033809558,5.7310214491602025,24
99000,stable_rank,Attention,38.7911842029691,5.715087317133833,24
100000,stable_rank,Attention,38.14206629894187,5.691368868733639,24
101000,stable_rank,Attention,37.613168636838566,5.672640434684756,24
102000,stable_rank,Attention,37.07222242646245,5.629995544449131,24
103000,stable_rank,Attention,36.604188683073396,5.601615916079003,24
104000,stable_rank,Attention,36.108773489897196,5.56544180972817,24
105000,stable_rank,Attention,35.375974773146595,5.496391392332041,24
106000,stable_rank,Attention,34.95116789215773,5.455488264772817,24
107000,stable_rank,Attention,34.457430272144585,5.411273202365252,24
108000,stable_rank,Attention,34.009779147460215,5.38868726959418,24
109000,stable_rank,Attention,33.627079197154934,5.3714385919969025,24
110000,stable_rank,Attention,33.284811818807974,5.34997114740465,24
111000,stable_rank,Attention,33.06486191273098,5.352204166164247,24
112000,stable_rank,Attention,32.889964434618186,5.371570403890595,24
113000,stable_rank,Attention,32.65373766115396,5.365200026305121,24
114000,stable_rank,Attention,32.44908159889996,5.360296970887485,24
115000,stable_rank,Attention,32.292865435178705,5.3671955275113685,24
116000,stable_rank,Attention,32.12858383065031,5.368019055349331,24
117000,stable_rank,Attention,32.00619411026384,5.3735376824199665,24
118000,stable_rank,Attention,32.00131086062147,5.384589495256328,24
119000,stable_rank,Attention,31.91092763647845,5.395029042437369,24
120000,stable_rank,Attention,31.746488054492293,5.398379536104484,24
121000,stable_rank,Attention,31.603347068492614,5.407953555972041,24
122000,stable_rank,Attention,31.366367461391572,5.399704934137259,24
123000,stable_rank,Attention,31.162109049649818,5.382727450297677,24
124000,stable_rank,Attention,30.980235094910228,5.375634711169408,24
125000,stable_rank,Attention,30.839878334956563,5.368391847436124,24
126000,stable_rank,Attention,30.62591560259341,5.366590421162392,24
127000,stable_rank,Attention,30.533466625921815,5.363778606195714,24
128000,stable_rank,Attention,30.500202338476033,5.353965034806683,24
129000,stable_rank,Attention,30.488778821617462,5.348757018467391,24
130000,stable_rank,Attention,30.545819156839144,5.348608954205518,24
131000,stable_rank,Attention,30.46186189466116,5.332092739659312,24
132000,stable_rank,Attention,30.33588450155082,5.323923477100051,24
133000,stable_rank,Attention,30.329311246774477,5.3165908652058755,24
134000,stable_rank,Attention,30.45162038022734,5.325586668349153,24
135000,stable_rank,Attention,30.511637097361543,5.321533831716278,24
136000,stable_rank,Attention,30.56602976290929,5.3151524610534056,24
137000,stable_rank,Attention,30.629335465256798,5.322516345770516,24
138000,stable_rank,Attention,30.588785732324663,5.322112649581656,24
139000,stable_rank,Attention,30.61441625144825,5.322877193736931,24
140000,stable_rank,Attention,30.667458595914642,5.323337816941937,24
141000,stable_rank,Attention,30.809840934670916,5.337927843317158,24
142000,stable_rank,Attention,30.8552157925125,5.340845545460376,24
143000,stable_rank,Attention,30.93477607100807,5.349340408171646,24
1,stable_rank,MLP,343.55366492765967,0.2853866978615939,24
2,stable_rank,MLP,343.544958898115,0.2851127592934921,24
4,stable_rank,MLP,343.5471020675979,0.2853577192108195,24
8,stable_rank,MLP,343.5480874821235,0.28582621349680337,24
16,stable_rank,MLP,343.526880075615,0.2858123110092496,24
32,stable_rank,MLP,343.4284733505765,0.2940398288508726,24
64,stable_rank,MLP,342.5293232939735,0.4774908549649232,24
128,stable_rank,MLP,332.50389085487234,4.129981261606851,24
256,stable_rank,MLP,327.4061786978208,4.8823950302315025,24
512,stable_rank,MLP,290.97371971226727,11.779973677114562,24
1000,stable_rank,MLP,118.56983107229478,6.7055592749580795,24
2000,stable_rank,MLP,69.26389754909609,6.4659828747809875,24
3000,stable_rank,MLP,67.5663678261778,7.489886159145437,24
4000,stable_rank,MLP,66.21563560695974,7.42830838373006,24
5000,stable_rank,MLP,65.72881297222092,7.425969423084265,24
6000,stable_rank,MLP,64.64133146260501,7.2506074990500435,24
7000,stable_rank,MLP,63.80685386024714,7.059591374596309,24
8000,stable_rank,MLP,62.90905174353845,6.8538142080178215,24
9000,stable_rank,MLP,62.242286388146745,6.6942350551138405,24
10000,stable_rank,MLP,61.69032670736089,6.542049177421443,24
11000,stable_rank,MLP,61.269967530279125,6.434598842509647,24
12000,stable_rank,MLP,60.91243507176912,6.31030845692184,24
13000,stable_rank,MLP,60.53713605686983,6.228609063060684,24
14000,stable_rank,MLP,60.20830305941303,6.141099813221086,24
15000,stable_rank,MLP,59.989181083619634,6.0574208873093225,24
16000,stable_rank,MLP,59.7202112517368,5.987676324752105,24
17000,stable_rank,MLP,59.55763031217651,5.929310293221411,24
18000,stable_rank,MLP,59.43878358346476,5.8837151102128225,24
19000,stable_rank,MLP,59.42495123103277,5.850834446225174,24
20000,stable_rank,MLP,59.41183061477627,5.8292956302761505,24
21000,stable_rank,MLP,59.47214365926175,5.821929582642152,24
22000,stable_rank,MLP,59.54550118779863,5.817713293912159,24
23000,stable_rank,MLP,59.60036614246173,5.82002588369437,24
24000,stable_rank,MLP,59.543249267317684,5.820577961476161,24
25000,stable_rank,MLP,59.60541383947864,5.8025998831947385,24
26000,stable_rank,MLP,59.56454499563117,5.792334498682157,24
27000,stable_rank,MLP,59.57018664888414,5.7732417727208984,24
28000,stable_rank,MLP,59.528139812855876,5.7810652356543715,24
29000,stable_rank,MLP,59.6018195655052,5.7566946522175355,24
30000,stable_rank,MLP,59.535816940785786,5.739618881416546,24
31000,stable_rank,MLP,59.54450780366141,5.718343052020338,24
32000,stable_rank,MLP,59.607850435872216,5.700814173320121,24
33000,stable_rank,MLP,59.52288677126007,5.655583592477044,24
34000,stable_rank,MLP,59.33298711599648,5.556376622588073,24
35000,stable_rank,MLP,59.093057030324424,5.421359595348412,24
36000,stable_rank,MLP,58.74364758953029,5.269176185008663,24
37000,stable_rank,MLP,58.443746646153784,5.163559400957061,24
38000,stable_rank,MLP,58.14964759834314,5.07376585610879,24
39000,stable_rank,MLP,58.07053097608472,5.043911805863116,24
40000,stable_rank,MLP,57.99577029368579,5.023730061292678,24
41000,stable_rank,MLP,57.98563493918859,5.013062483814003,24
42000,stable_rank,MLP,58.002624330733035,5.0294603381913605,24
43000,stable_rank,MLP,58.13724471730037,5.031200154086423,24
44000,stable_rank,MLP,58.230452701904916,5.048855779884815,24
45000,stable_rank,MLP,58.33886761278453,5.06028464662906,24
46000,stable_rank,MLP,58.47304049879106,5.084756829160197,24
47000,stable_rank,MLP,58.490211289195486,5.097888671641183,24
48000,stable_rank,MLP,58.6283450775855,5.104621925703508,24
49000,stable_rank,MLP,58.65620453617416,5.1106731665499945,24
50000,stable_rank,MLP,58.697563931811395,5.117300494093244,24
51000,stable_rank,MLP,58.828583109109736,5.122297774668888,24
52000,stable_rank,MLP,58.825274434950806,5.122394576767313,24
53000,stable_rank,MLP,58.975463541089006,5.168496827108922,24
54000,stable_rank,MLP,58.97173264166404,5.143454003718684,24
55000,stable_rank,MLP,59.02079544326733,5.151047468524254,24
56000,stable_rank,MLP,59.03534375110251,5.151858574730729,24
57000,stable_rank,MLP,59.031824554552855,5.129037324604672,24
58000,stable_rank,MLP,58.989941434214536,5.118001976912424,24
59000,stable_rank,MLP,58.979723862321556,5.110973373977385,24
60000,stable_rank,MLP,59.02497826275809,5.124160826442466,24
61000,stable_rank,MLP,58.983904330566354,5.10809044800366,24
62000,stable_rank,MLP,59.009030085653215,5.109868029931491,24
63000,stable_rank,MLP,58.75032081978196,5.004644245824652,24
64000,stable_rank,MLP,58.87840061643786,5.047429060056496,24
65000,stable_rank,MLP,58.926548953681255,5.058424425181559,24
66000,stable_rank,MLP,58.95160869412158,5.061349705323274,24
67000,stable_rank,MLP,58.9760317430809,5.05777643572885,24
68000,stable_rank,MLP,58.93953562783714,5.057638108219237,24
69000,stable_rank,MLP,58.88002991826116,5.046302406891366,24
70000,stable_rank,MLP,58.941141614047474,5.072111580129878,24
71000,stable_rank,MLP,58.83009969119723,5.033631078542733,24
72000,stable_rank,MLP,58.53974203922101,4.966064832200425,24
73000,stable_rank,MLP,58.492594283818875,4.967920180730303,24
74000,stable_rank,MLP,58.09220571545006,4.868277053860436,24
75000,stable_rank,MLP,58.16523934522905,4.8969095399356695,24
76000,stable_rank,MLP,58.1083490912546,4.89800978429203,24
77000,stable_rank,MLP,57.96221057169652,4.872384287341834,24
78000,stable_rank,MLP,57.796892067262554,4.847979978253876,24
79000,stable_rank,MLP,57.77372205464338,4.85789725357476,24
80000,stable_rank,MLP,57.71764052590297,4.847037267502703,24
81000,stable_rank,MLP,57.459806799727346,4.792956364297453,24
82000,stable_rank,MLP,57.3041229348712,4.772387117438516,24
83000,stable_rank,MLP,57.20210307416537,4.752579324589993,24
84000,stable_rank,MLP,56.93243689045701,4.70279443342671,24
85000,stable_rank,MLP,56.66176808106769,4.609766892528106,24
86000,stable_rank,MLP,56.67656485283489,4.612894883321589,24
87000,stable_rank,MLP,56.656946145404696,4.605576859449637,24
88000,stable_rank,MLP,56.67523930777847,4.605854191614102,24
89000,stable_rank,MLP,56.663576073080044,4.605471331971073,24
90000,stable_rank,MLP,56.36494700395206,4.52499658534728,24
91000,stable_rank,MLP,56.08455814989406,4.4542642093683416,24
92000,stable_rank,MLP,55.95189225383677,4.4297041743419765,24
93000,stable_rank,MLP,55.71459554136808,4.380291709121553,24
94000,stable_rank,MLP,55.4370826106909,4.33775481292734,24
95000,stable_rank,MLP,55.04805724097884,4.28252756008814,24
96000,stable_rank,MLP,54.86670460742565,4.2836898999834,24
97000,stable_rank,MLP,54.621197843018855,4.2760155689757555,24
98000,stable_rank,MLP,54.49865945261765,4.285606854334415,24
99000,stable_rank,MLP,54.43157696384594,4.296791216534691,24
100000,stable_rank,MLP,54.48101206896567,4.309085055849573,24
101000,stable_rank,MLP,54.63366758243672,4.3248828268072375,24
102000,stable_rank,MLP,54.67414493707568,4.338763309284323,24
103000,stable_rank,MLP,54.72908217118132,4.356025174972779,24
104000,stable_rank,MLP,54.72617814180939,4.364594220127496,24
105000,stable_rank,MLP,54.47062356786097,4.253895033843923,24
106000,stable_rank,MLP,54.325176378418156,4.209880755713837,24
107000,stable_rank,MLP,54.16953454127017,4.1521467675516694,24
108000,stable_rank,MLP,54.029591812704986,4.101461611484364,24
109000,stable_rank,MLP,53.95216708589783,4.068687611268047,24
110000,stable_rank,MLP,53.80239614178765,4.043275247608877,24
111000,stable_rank,MLP,53.707408762815014,4.036239288091936,24
112000,stable_rank,MLP,53.51657862061192,4.023813997915683,24
113000,stable_rank,MLP,53.31832087148802,4.01695294625464,24
114000,stable_rank,MLP,53.09630963094815,4.015989251013907,24
115000,stable_rank,MLP,52.92384671167988,4.015035818260794,24
116000,stable_rank,MLP,52.750487407834036,4.014572288911591,24
117000,stable_rank,MLP,52.638488580929874,4.017735290232952,24
118000,stable_rank,MLP,52.57530666880272,4.021860115550481,24
119000,stable_rank,MLP,52.407861975055454,4.026380429403377,24
120000,stable_rank,MLP,52.25568310235042,4.033073668156628,24
121000,stable_rank,MLP,52.10900218325822,4.04527447226152,24
122000,stable_rank,MLP,51.945787135567144,4.057241460716522,24
123000,stable_rank,MLP,51.804130440171775,4.068575989961545,24
124000,stable_rank,MLP,51.70864941379269,4.082407050436764,24
125000,stable_rank,MLP,51.703104826906696,4.094313882151324,24
126000,stable_rank,MLP,51.49065228277454,4.107104948579799,24
127000,stable_rank,MLP,51.48819792398276,4.123631398640634,24
128000,stable_rank,MLP,51.59604501831208,4.14465442454731,24
129000,stable_rank,MLP,51.65988294393676,4.161013375190325,24
130000,stable_rank,MLP,51.757108939897556,4.172713204471792,24
131000,stable_rank,MLP,51.724002206605434,4.1850823971717706,24
132000,stable_rank,MLP,51.69479506159488,4.20065582186589,24
133000,stable_rank,MLP,51.76652699358956,4.216569489049295,24
134000,stable_rank,MLP,51.85345756091252,4.226273447781736,24
135000,stable_rank,MLP,51.90837187108244,4.235163955422925,24
136000,stable_rank,MLP,51.944239655094755,4.24552831154952,24
137000,stable_rank,MLP,51.9723288839576,4.259229267255261,24
138000,stable_rank,MLP,51.94575088328872,4.269696692079863,24
139000,stable_rank,MLP,51.9677609126254,4.277498584330755,24
140000,stable_rank,MLP,51.985859889699185,4.2849780022337525,24
141000,stable_rank,MLP,52.02098919514145,4.289749504557392,24
142000,stable_rank,MLP,52.01153914471786,4.2983957255124725,24
143000,stable_rank,MLP,52.00006591651456,4.304766210104607,24
